year_month,year,partner,exports_share_pct,imports_share_pct,exports_usd_bn,imports_usd_bn,net_balance_usd_bn
2014-01,2014,China,10.38,21.45,4.16,5.82,-1.66
2014-01,2014,EU,41.9,36.93,16.75,9.89,6.87
2014-01,2014,India,1.03,1.07,0.42,0.24,0.18
2014-01,2014,Turkey,3.91,2.16,1.58,0.52,1.07
2014-01,2014,Belarus,5.11,5.13,2.04,1.32,0.71
2014-01,2014,Kazakhstan,2.87,2.05,1.18,0.51,0.67
2014-01,2014,USA,3.0,5.78,1.3,1.56,-0.26
2014-01,2014,UK,4.97,2.01,2.12,0.52,1.6
2014-01,2014,Japan,3.11,4.3,1.25,1.19,0.06
2014-01,2014,South_Korea,3.2,3.04,1.29,0.8,0.49
2014-02,2014,China,9.88,20.17,4.14,5.0,-0.86
2014-02,2014,EU,43.26,36.4,16.77,9.65,7.12
2014-02,2014,India,0.99,1.06,0.4,0.27,0.13
2014-02,2014,Turkey,3.82,2.0,1.57,0.53,1.04
2014-02,2014,Belarus,5.02,5.52,2.09,1.37,0.72
2014-02,2014,Kazakhstan,2.84,2.05,1.12,0.54,0.57
2014-02,2014,USA,3.13,6.28,1.24,1.68,-0.44
2014-02,2014,UK,5.08,1.94,2.07,0.51,1.56
2014-02,2014,Japan,2.9,4.06,1.26,1.09,0.17
2014-02,2014,South_Korea,3.01,3.04,1.21,0.77,0.44
2014-03,2014,China,9.23,21.26,3.89,5.44,-1.56
2014-03,2014,EU,42.07,37.12,18.17,9.87,8.3
2014-03,2014,India,1.0,1.1,0.45,0.28,0.18
2014-03,2014,Turkey,3.95,2.07,1.56,0.55,1.01
2014-03,2014,Belarus,5.03,5.09,2.01,1.27,0.75
2014-03,2014,Kazakhstan,2.7,2.15,1.15,0.57,0.58
2014-03,2014,USA,3.05,5.31,1.21,1.35,-0.14
2014-03,2014,UK,4.73,1.83,1.86,0.47,1.39
2014-03,2014,Japan,3.01,4.18,1.33,1.1,0.23
2014-03,2014,South_Korea,2.97,3.27,1.14,0.77,0.37
2014-04,2014,China,9.56,21.85,3.94,5.32,-1.38
2014-04,2014,EU,42.4,34.7,16.52,9.4,7.12
2014-04,2014,India,0.99,1.09,0.39,0.28,0.11
2014-04,2014,Turkey,4.05,2.09,1.68,0.55,1.12
2014-04,2014,Belarus,5.14,4.73,2.17,1.2,0.97
2014-04,2014,Kazakhstan,2.88,2.07,1.23,0.52,0.71
2014-04,2014,USA,2.95,5.58,1.12,1.41,-0.29
2014-04,2014,UK,5.2,1.94,2.25,0.49,1.76
2014-04,2014,Japan,2.97,3.94,1.27,0.97,0.3
2014-04,2014,South_Korea,2.98,2.92,1.19,0.75,0.45
2014-05,2014,China,9.94,22.1,4.08,5.73,-1.65
2014-05,2014,EU,44.38,39.6,17.98,9.91,8.06
2014-05,2014,India,1.04,0.98,0.43,0.27,0.16
2014-05,2014,Turkey,3.8,2.15,1.53,0.57,0.95
2014-05,2014,Belarus,5.17,5.15,2.11,1.29,0.82
2014-05,2014,Kazakhstan,2.89,2.0,1.18,0.51,0.67
2014-05,2014,USA,2.79,6.01,1.2,1.58,-0.38
2014-05,2014,UK,5.01,2.26,2.0,0.57,1.44
2014-05,2014,Japan,2.78,3.92,1.22,0.98,0.24
2014-05,2014,South_Korea,2.77,3.13,1.15,0.82,0.33
2014-06,2014,China,9.85,19.94,4.01,5.13,-1.12
2014-06,2014,EU,43.84,37.72,17.59,9.66,7.93
2014-06,2014,India,1.0,0.96,0.41,0.24,0.17
2014-06,2014,Turkey,4.12,2.09,1.72,0.49,1.23
2014-06,2014,Belarus,4.76,4.84,1.89,1.19,0.7
2014-06,2014,Kazakhstan,3.14,2.07,1.27,0.53,0.73
2014-06,2014,USA,3.05,5.99,1.31,1.47,-0.16
2014-06,2014,UK,5.01,1.89,1.97,0.45,1.52
2014-06,2014,Japan,2.85,4.02,1.16,1.0,0.16
2014-06,2014,South_Korea,2.96,3.27,1.16,0.78,0.38
2014-07,2014,China,9.58,20.92,4.01,5.36,-1.35
2014-07,2014,EU,46.08,36.8,18.59,9.8,8.79
2014-07,2014,India,0.86,1.0,0.36,0.27,0.09
2014-07,2014,Turkey,3.67,1.96,1.42,0.45,0.97
2014-07,2014,Belarus,4.95,5.21,2.13,1.27,0.85
2014-07,2014,Kazakhstan,3.1,1.98,1.3,0.52,0.78
2014-07,2014,USA,2.97,6.32,1.16,1.62,-0.46
2014-07,2014,UK,5.26,2.09,2.05,0.52,1.53
2014-07,2014,Japan,3.05,4.09,1.25,1.08,0.17
2014-07,2014,South_Korea,2.81,2.96,1.07,0.76,0.31
2014-08,2014,China,10.28,24.52,4.39,6.17,-1.78
2014-08,2014,EU,44.56,36.41,18.37,9.14,9.22
2014-08,2014,India,0.9,1.01,0.37,0.27,0.1
2014-08,2014,Turkey,3.97,1.92,1.65,0.48,1.17
2014-08,2014,Belarus,4.97,4.68,2.02,1.14,0.89
2014-08,2014,Kazakhstan,2.97,2.07,1.18,0.51,0.67
2014-08,2014,USA,3.08,5.92,1.4,1.48,-0.09
2014-08,2014,UK,4.69,1.92,1.85,0.46,1.39
2014-08,2014,Japan,3.08,3.78,1.25,0.98,0.26
2014-08,2014,South_Korea,2.92,3.1,1.12,0.76,0.36
2014-09,2014,China,9.56,21.31,3.76,5.69,-1.94
2014-09,2014,EU,40.39,39.1,17.14,9.76,7.38
2014-09,2014,India,1.0,1.09,0.45,0.27,0.18
2014-09,2014,Turkey,4.03,1.94,1.58,0.49,1.09
2014-09,2014,Belarus,5.06,4.6,2.11,1.15,0.97
2014-09,2014,Kazakhstan,2.91,1.93,1.21,0.51,0.71
2014-09,2014,USA,3.06,6.23,1.21,1.51,-0.3
2014-09,2014,UK,5.15,1.86,2.13,0.47,1.66
2014-09,2014,Japan,2.99,4.06,1.23,0.98,0.25
2014-09,2014,South_Korea,2.82,2.99,1.22,0.77,0.45
2014-10,2014,China,9.83,20.62,3.96,4.96,-1.0
2014-10,2014,EU,44.63,38.96,19.96,9.23,10.73
2014-10,2014,India,1.03,1.03,0.42,0.24,0.18
2014-10,2014,Turkey,4.06,2.21,1.68,0.52,1.16
2014-10,2014,Belarus,4.96,4.71,2.04,1.19,0.85
2014-10,2014,Kazakhstan,2.9,1.67,1.2,0.4,0.8
2014-10,2014,USA,2.89,5.77,1.2,1.39,-0.19
2014-10,2014,UK,5.23,2.1,2.12,0.5,1.62
2014-10,2014,Japan,3.02,3.97,1.15,1.05,0.1
2014-10,2014,South_Korea,3.11,2.93,1.18,0.71,0.46
2014-11,2014,China,9.71,20.94,3.64,5.0,-1.36
2014-11,2014,EU,43.1,36.64,17.5,8.93,8.57
2014-11,2014,India,1.08,0.97,0.43,0.22,0.2
2014-11,2014,Turkey,3.9,1.86,1.66,0.45,1.21
2014-11,2014,Belarus,5.23,5.37,2.07,1.29,0.78
2014-11,2014,Kazakhstan,3.2,2.02,1.34,0.51,0.83
2014-11,2014,USA,3.13,6.12,1.36,1.49,-0.13
2014-11,2014,UK,5.13,1.98,2.19,0.47,1.72
2014-11,2014,Japan,2.75,4.13,1.08,0.96,0.12
2014-11,2014,South_Korea,3.19,3.14,1.29,0.67,0.62
2014-12,2014,China,10.27,21.7,4.3,5.34,-1.05
2014-12,2014,EU,43.6,36.24,17.09,8.51,8.57
2014-12,2014,India,1.02,1.02,0.43,0.23,0.2
2014-12,2014,Turkey,3.67,1.96,1.44,0.48,0.96
2014-12,2014,Belarus,4.67,5.3,1.85,1.36,0.49
2014-12,2014,Kazakhstan,3.08,1.89,1.37,0.46,0.91
2014-12,2014,USA,3.02,5.98,1.26,1.48,-0.21
2014-12,2014,UK,4.78,1.98,1.97,0.49,1.48
2014-12,2014,Japan,3.09,4.03,1.24,0.95,0.29
2014-12,2014,South_Korea,2.82,3.09,1.13,0.74,0.39
2015-01,2015,China,10.12,21.0,4.14,4.85,-0.71
2015-01,2015,EU,44.59,36.42,18.2,9.14,9.07
2015-01,2015,India,1.03,0.97,0.42,0.25,0.17
2015-01,2015,Turkey,3.94,2.0,1.66,0.48,1.17
2015-01,2015,Belarus,4.91,4.81,2.01,1.18,0.82
2015-01,2015,Kazakhstan,3.2,1.85,1.4,0.44,0.96
2015-01,2015,USA,3.14,5.78,1.2,1.31,-0.11
2015-01,2015,UK,4.92,2.05,2.02,0.49,1.53
2015-01,2015,Japan,3.17,4.0,1.31,1.08,0.23
2015-01,2015,South_Korea,3.0,2.9,1.25,0.71,0.54
2015-02,2015,China,10.15,21.16,4.29,5.2,-0.91
2015-02,2015,EU,43.74,35.81,17.74,8.13,9.61
2015-02,2015,India,1.04,1.02,0.46,0.25,0.21
2015-02,2015,Turkey,3.78,1.95,1.39,0.42,0.98
2015-02,2015,Belarus,5.03,4.7,2.14,1.15,0.99
2015-02,2015,Kazakhstan,2.96,1.97,1.25,0.49,0.76
2015-02,2015,USA,2.86,5.68,1.13,1.35,-0.22
2015-02,2015,UK,4.87,2.05,2.09,0.45,1.64
2015-02,2015,Japan,2.93,3.72,1.13,0.86,0.27
2015-02,2015,South_Korea,2.89,3.08,1.16,0.73,0.43
2015-03,2015,China,9.85,20.77,3.77,4.67,-0.89
2015-03,2015,EU,44.92,33.44,17.66,7.32,10.34
2015-03,2015,India,0.98,0.92,0.38,0.21,0.17
2015-03,2015,Turkey,4.09,1.88,1.62,0.45,1.17
2015-03,2015,Belarus,4.88,5.0,1.74,1.09,0.64
2015-03,2015,Kazakhstan,3.04,2.1,1.15,0.53,0.63
2015-03,2015,USA,3.05,5.62,1.25,1.21,0.03
2015-03,2015,UK,5.08,1.91,1.87,0.45,1.42
2015-03,2015,Japan,2.96,4.35,1.1,0.92,0.18
2015-03,2015,South_Korea,2.93,3.43,1.18,0.8,0.38
2015-04,2015,China,10.29,20.49,4.31,4.59,-0.28
2015-04,2015,EU,44.8,38.82,16.05,8.24,7.81
2015-04,2015,India,0.99,1.05,0.35,0.23,0.12
2015-04,2015,Turkey,3.96,1.84,1.46,0.41,1.05
2015-04,2015,Belarus,4.63,5.35,1.78,1.19,0.59
2015-04,2015,Kazakhstan,3.0,1.89,1.1,0.42,0.68
2015-04,2015,USA,2.9,6.06,1.06,1.36,-0.3
2015-04,2015,UK,5.13,1.84,1.94,0.38,1.56
2015-04,2015,Japan,2.72,3.88,1.14,0.88,0.26
2015-04,2015,South_Korea,3.21,3.09,1.22,0.7,0.52
2015-05,2015,China,9.68,21.49,3.72,4.72,-1.0
2015-05,2015,EU,46.73,37.34,18.31,7.9,10.4
2015-05,2015,India,1.11,1.03,0.4,0.21,0.19
2015-05,2015,Turkey,3.84,1.9,1.4,0.39,1.02
2015-05,2015,Belarus,5.32,5.03,1.96,1.02,0.94
2015-05,2015,Kazakhstan,2.88,1.78,1.13,0.36,0.77
2015-05,2015,USA,2.8,6.42,1.04,1.38,-0.34
2015-05,2015,UK,5.09,2.1,1.87,0.42,1.45
2015-05,2015,Japan,3.11,4.08,1.19,0.83,0.37
2015-05,2015,South_Korea,2.89,3.06,1.02,0.59,0.43
2015-06,2015,China,10.1,21.94,3.58,4.63,-1.06
2015-06,2015,EU,44.89,37.02,16.06,8.06,8.0
2015-06,2015,India,0.95,1.04,0.32,0.21,0.11
2015-06,2015,Turkey,4.24,1.88,1.49,0.43,1.07
2015-06,2015,Belarus,5.26,4.82,1.83,0.99,0.84
2015-06,2015,Kazakhstan,3.2,1.9,1.09,0.4,0.69
2015-06,2015,USA,2.75,5.73,0.97,1.18,-0.21
2015-06,2015,UK,4.66,2.04,1.69,0.41,1.29
2015-06,2015,Japan,3.25,4.07,1.11,0.9,0.21
2015-06,2015,South_Korea,2.92,3.03,1.02,0.64,0.38
2015-07,2015,China,9.76,20.56,3.35,4.03,-0.68
2015-07,2015,EU,46.36,34.67,15.98,6.96,9.01
2015-07,2015,India,0.99,1.05,0.32,0.21,0.11
2015-07,2015,Turkey,3.75,1.95,1.22,0.38,0.84
2015-07,2015,Belarus,4.86,5.41,1.69,1.1,0.59
2015-07,2015,Kazakhstan,2.83,2.07,1.04,0.43,0.61
2015-07,2015,USA,2.8,5.86,0.97,1.15,-0.17
2015-07,2015,UK,5.63,1.95,1.94,0.38,1.56
2015-07,2015,Japan,3.03,4.28,1.05,0.85,0.2
2015-07,2015,South_Korea,2.84,3.18,0.97,0.63,0.34
2015-08,2015,China,8.83,20.87,2.9,3.74,-0.84
2015-08,2015,EU,46.18,36.01,16.6,7.36,9.24
2015-08,2015,India,0.96,1.07,0.34,0.2,0.14
2015-08,2015,Turkey,3.79,1.78,1.29,0.33,0.96
2015-08,2015,Belarus,5.1,4.86,1.65,0.92,0.73
2015-08,2015,Kazakhstan,2.81,1.94,0.91,0.38,0.53
2015-08,2015,USA,3.02,5.68,1.05,1.09,-0.04
2015-08,2015,UK,5.38,2.02,1.8,0.38,1.42
2015-08,2015,Japan,3.09,4.01,1.07,0.82,0.24
2015-08,2015,South_Korea,2.89,3.09,0.99,0.61,0.38
2015-09,2015,China,9.78,20.57,3.09,3.74,-0.66
2015-09,2015,EU,42.15,36.81,13.21,6.98,6.22
2015-09,2015,India,1.0,1.01,0.32,0.19,0.13
2015-09,2015,Turkey,3.95,2.08,1.25,0.39,0.86
2015-09,2015,Belarus,4.67,5.18,1.48,0.93,0.55
2015-09,2015,Kazakhstan,2.83,1.88,0.9,0.37,0.53
2015-09,2015,USA,2.9,5.34,0.95,0.95,0.0
2015-09,2015,UK,5.2,1.96,1.66,0.38,1.28
2015-09,2015,Japan,3.09,3.75,0.96,0.65,0.31
2015-09,2015,South_Korea,3.39,2.87,1.15,0.52,0.62
2015-10,2015,China,9.46,21.02,2.92,3.9,-0.99
2015-10,2015,EU,45.79,35.91,13.48,6.15,7.33
2015-10,2015,India,0.89,0.99,0.28,0.17,0.11
2015-10,2015,Turkey,3.75,2.0,1.14,0.36,0.78
2015-10,2015,Belarus,4.91,5.06,1.5,0.89,0.61
2015-10,2015,Kazakhstan,2.72,1.99,0.85,0.36,0.5
2015-10,2015,USA,3.29,6.05,1.02,1.11,-0.09
2015-10,2015,UK,5.53,2.03,1.57,0.37,1.2
2015-10,2015,Japan,2.87,3.62,0.96,0.69,0.27
2015-10,2015,South_Korea,2.86,2.87,0.9,0.5,0.4
2015-11,2015,China,9.93,20.25,2.95,3.31,-0.36
2015-11,2015,EU,45.82,39.23,13.75,6.78,6.97
2015-11,2015,India,1.03,1.0,0.33,0.16,0.17
2015-11,2015,Turkey,4.17,1.99,1.2,0.38,0.83
2015-11,2015,Belarus,5.6,4.95,1.72,0.84,0.88
2015-11,2015,Kazakhstan,2.95,1.89,0.84,0.35,0.49
2015-11,2015,USA,2.99,6.02,0.87,1.05,-0.18
2015-11,2015,UK,4.62,1.92,1.33,0.35,0.98
2015-11,2015,Japan,2.75,3.76,0.76,0.63,0.13
2015-11,2015,South_Korea,2.93,3.15,0.88,0.54,0.34
2015-12,2015,China,10.15,20.53,3.23,3.34,-0.1
2015-12,2015,EU,44.91,38.53,12.73,6.46,6.27
2015-12,2015,India,0.97,1.01,0.28,0.17,0.12
2015-12,2015,Turkey,3.77,2.19,1.12,0.34,0.78
2015-12,2015,Belarus,4.89,4.61,1.47,0.77,0.7
2015-12,2015,Kazakhstan,3.0,1.92,0.86,0.33,0.53
2015-12,2015,USA,3.16,6.25,0.86,1.03,-0.17
2015-12,2015,UK,5.06,1.93,1.37,0.3,1.07
2015-12,2015,Japan,3.22,3.76,0.94,0.62,0.32
2015-12,2015,South_Korea,2.98,2.95,0.89,0.49,0.4
2016-01,2016,China,9.69,21.05,2.57,3.43,-0.86
2016-01,2016,EU,42.5,35.85,12.14,5.64,6.5
2016-01,2016,India,0.98,1.06,0.26,0.17,0.09
2016-01,2016,Turkey,4.19,2.12,1.27,0.33,0.94
2016-01,2016,Belarus,4.78,5.2,1.39,0.81,0.58
2016-01,2016,Kazakhstan,3.07,2.27,0.86,0.38,0.49
2016-01,2016,USA,3.24,6.75,0.91,1.13,-0.22
2016-01,2016,UK,4.8,2.0,1.32,0.3,1.02
2016-01,2016,Japan,2.76,4.09,0.79,0.63,0.16
2016-01,2016,South_Korea,3.23,2.83,0.91,0.45,0.47
2016-02,2016,China,10.05,21.94,2.86,3.61,-0.75
2016-02,2016,EU,45.28,34.65,13.09,5.31,7.78
2016-02,2016,India,0.99,0.98,0.28,0.15,0.12
2016-02,2016,Turkey,3.97,2.16,1.04,0.35,0.69
2016-02,2016,Belarus,4.72,5.17,1.27,0.83,0.44
2016-02,2016,Kazakhstan,2.8,2.13,0.78,0.34,0.43
2016-02,2016,USA,3.12,5.62,0.84,0.91,-0.06
2016-02,2016,UK,4.56,1.83,1.22,0.28,0.94
2016-02,2016,Japan,2.95,4.1,0.84,0.7,0.14
2016-02,2016,South_Korea,3.0,3.02,0.83,0.49,0.34
2016-03,2016,China,10.2,21.97,2.89,3.59,-0.7
2016-03,2016,EU,47.32,37.05,12.62,5.82,6.8
2016-03,2016,India,0.99,0.95,0.27,0.14,0.12
2016-03,2016,Turkey,4.07,2.04,1.03,0.32,0.72
2016-03,2016,Belarus,5.46,5.16,1.52,0.8,0.72
2016-03,2016,Kazakhstan,3.04,2.0,0.81,0.31,0.49
2016-03,2016,USA,2.93,5.55,0.76,0.88,-0.12
2016-03,2016,UK,4.79,1.97,1.22,0.33,0.9
2016-03,2016,Japan,3.31,4.21,0.95,0.69,0.26
2016-03,2016,South_Korea,3.04,3.01,0.8,0.5,0.31
2016-04,2016,China,10.32,20.51,2.84,3.19,-0.35
2016-04,2016,EU,42.61,38.43,11.7,6.09,5.61
2016-04,2016,India,0.98,1.01,0.25,0.16,0.09
2016-04,2016,Turkey,3.75,2.0,1.06,0.33,0.73
2016-04,2016,Belarus,4.87,4.82,1.28,0.83,0.44
2016-04,2016,Kazakhstan,3.01,2.02,0.74,0.31,0.44
2016-04,2016,USA,2.99,5.85,0.81,0.94,-0.13
2016-04,2016,UK,5.15,1.81,1.33,0.29,1.04
2016-04,2016,Japan,2.9,3.94,0.79,0.61,0.18
2016-04,2016,South_Korea,3.03,3.08,0.82,0.51,0.31
2016-05,2016,China,8.91,20.38,2.46,3.15,-0.69
2016-05,2016,EU,41.8,36.77,11.14,5.76,5.38
2016-05,2016,India,1.09,1.01,0.28,0.15,0.13
2016-05,2016,Turkey,4.08,1.91,1.18,0.31,0.87
2016-05,2016,Belarus,5.14,5.06,1.43,0.73,0.7
2016-05,2016,Kazakhstan,2.82,2.1,0.8,0.32,0.48
2016-05,2016,USA,2.73,6.05,0.74,0.97,-0.23
2016-05,2016,UK,4.99,1.81,1.31,0.29,1.02
2016-05,2016,Japan,2.92,3.62,0.8,0.6,0.2
2016-05,2016,South_Korea,2.88,2.97,0.75,0.47,0.29
2016-06,2016,China,10.25,21.54,2.81,3.59,-0.78
2016-06,2016,EU,43.62,42.26,12.2,6.58,5.61
2016-06,2016,India,1.01,0.9,0.27,0.15,0.11
2016-06,2016,Turkey,4.56,1.99,1.22,0.33,0.89
2016-06,2016,Belarus,5.49,4.75,1.6,0.75,0.85
2016-06,2016,Kazakhstan,2.82,1.97,0.72,0.32,0.4
2016-06,2016,USA,2.75,6.04,0.74,1.02,-0.28
2016-06,2016,UK,5.17,2.14,1.33,0.35,0.98
2016-06,2016,Japan,2.67,3.98,0.71,0.65,0.06
2016-06,2016,South_Korea,2.76,2.94,0.72,0.46,0.26
2016-07,2016,China,10.36,20.77,2.7,3.26,-0.55
2016-07,2016,EU,46.34,39.11,11.9,6.97,4.93
2016-07,2016,India,0.96,1.05,0.24,0.17,0.07
2016-07,2016,Turkey,4.14,1.9,1.07,0.33,0.74
2016-07,2016,Belarus,4.8,5.1,1.26,0.81,0.45
2016-07,2016,Kazakhstan,2.74,2.08,0.71,0.35,0.36
2016-07,2016,USA,3.03,6.02,0.8,0.93,-0.12
2016-07,2016,UK,5.39,1.96,1.38,0.33,1.05
2016-07,2016,Japan,3.04,3.95,0.8,0.65,0.15
2016-07,2016,South_Korea,2.98,3.14,0.74,0.51,0.23
2016-08,2016,China,10.4,21.65,2.43,3.45,-1.02
2016-08,2016,EU,41.33,39.38,10.44,6.6,3.84
2016-08,2016,India,0.94,1.02,0.24,0.18,0.06
2016-08,2016,Turkey,4.24,2.11,1.18,0.34,0.83
2016-08,2016,Belarus,4.98,4.95,1.29,0.7,0.59
2016-08,2016,Kazakhstan,3.0,2.02,0.77,0.3,0.46
2016-08,2016,USA,2.98,5.54,0.82,0.88,-0.06
2016-08,2016,UK,4.48,1.98,1.19,0.32,0.87
2016-08,2016,Japan,2.86,3.86,0.73,0.61,0.12
2016-08,2016,South_Korea,2.81,2.99,0.68,0.5,0.19
2016-09,2016,China,10.54,19.95,2.59,3.14,-0.55
2016-09,2016,EU,43.93,37.48,11.33,6.1,5.23
2016-09,2016,India,1.08,1.0,0.26,0.15,0.11
2016-09,2016,Turkey,4.33,2.05,1.1,0.33,0.77
2016-09,2016,Belarus,5.04,5.11,1.26,0.85,0.41
2016-09,2016,Kazakhstan,2.92,1.91,0.69,0.3,0.39
2016-09,2016,USA,3.19,5.86,0.76,0.95,-0.19
2016-09,2016,UK,4.84,2.15,1.28,0.33,0.95
2016-09,2016,Japan,2.97,3.85,0.72,0.61,0.1
2016-09,2016,South_Korea,3.12,2.99,0.77,0.44,0.34
2016-10,2016,China,9.67,21.58,2.29,3.63,-1.34
2016-10,2016,EU,42.72,37.36,10.51,5.7,4.81
2016-10,2016,India,1.02,0.97,0.25,0.14,0.11
2016-10,2016,Turkey,4.26,2.0,1.11,0.33,0.78
2016-10,2016,Belarus,5.28,4.86,1.25,0.8,0.45
2016-10,2016,Kazakhstan,3.02,1.95,0.78,0.32,0.46
2016-10,2016,USA,3.1,5.69,0.8,0.91,-0.11
2016-10,2016,UK,5.27,2.1,1.35,0.33,1.02
2016-10,2016,Japan,3.11,4.22,0.8,0.68,0.11
2016-10,2016,South_Korea,3.11,2.92,0.82,0.44,0.39
2016-11,2016,China,10.02,20.57,2.41,3.33,-0.93
2016-11,2016,EU,41.52,40.98,9.68,6.31,3.38
2016-11,2016,India,0.95,1.01,0.24,0.16,0.08
2016-11,2016,Turkey,4.29,1.92,1.09,0.3,0.78
2016-11,2016,Belarus,5.06,5.28,1.16,0.91,0.25
2016-11,2016,Kazakhstan,2.98,1.84,0.71,0.3,0.42
2016-11,2016,USA,2.9,5.39,0.72,0.84,-0.12
2016-11,2016,UK,5.16,1.89,1.39,0.31,1.08
2016-11,2016,Japan,3.03,4.12,0.69,0.65,0.05
2016-11,2016,South_Korea,3.27,2.95,0.8,0.46,0.34
2016-12,2016,China,10.73,20.74,2.48,3.66,-1.18
2016-12,2016,EU,40.97,36.82,9.63,5.73,3.91
2016-12,2016,India,0.95,0.97,0.24,0.14,0.1
2016-12,2016,Turkey,4.25,2.11,1.06,0.34,0.72
2016-12,2016,Belarus,5.07,5.36,1.15,0.88,0.27
2016-12,2016,Kazakhstan,2.89,2.08,0.69,0.34,0.34
2016-12,2016,USA,2.77,5.49,0.67,0.93,-0.26
2016-12,2016,UK,5.13,2.05,1.29,0.32,0.97
2016-12,2016,Japan,3.09,3.88,0.74,0.62,0.13
2016-12,2016,South_Korea,2.92,2.99,0.7,0.46,0.24
2017-01,2017,China,9.93,21.16,2.28,3.44,-1.16
2017-01,2017,EU,42.91,37.37,10.03,6.23,3.8
2017-01,2017,India,1.05,0.95,0.26,0.16,0.1
2017-01,2017,Turkey,3.81,1.91,0.94,0.29,0.65
2017-01,2017,Belarus,4.81,4.75,1.19,0.74,0.45
2017-01,2017,Kazakhstan,2.96,1.93,0.74,0.3,0.45
2017-01,2017,USA,2.79,5.57,0.69,0.92,-0.23
2017-01,2017,UK,5.31,1.87,1.26,0.33,0.93
2017-01,2017,Japan,2.95,3.89,0.71,0.64,0.07
2017-01,2017,South_Korea,3.08,2.91,0.72,0.46,0.26
2017-02,2017,China,9.63,19.7,2.52,3.15,-0.63
2017-02,2017,EU,43.23,36.41,10.53,6.02,4.51
2017-02,2017,India,0.98,1.06,0.24,0.17,0.07
2017-02,2017,Turkey,3.87,2.11,0.94,0.33,0.61
2017-02,2017,Belarus,5.26,4.82,1.33,0.7,0.62
2017-02,2017,Kazakhstan,2.94,2.12,0.72,0.35,0.37
2017-02,2017,USA,2.86,6.1,0.7,1.0,-0.3
2017-02,2017,UK,5.51,2.13,1.39,0.36,1.03
2017-02,2017,Japan,2.86,3.91,0.66,0.6,0.05
2017-02,2017,South_Korea,2.87,3.0,0.67,0.49,0.18
2017-03,2017,China,9.92,19.81,2.61,3.09,-0.48
2017-03,2017,EU,46.46,32.83,11.47,5.16,6.31
2017-03,2017,India,0.97,1.09,0.24,0.17,0.06
2017-03,2017,Turkey,4.1,1.96,1.02,0.31,0.71
2017-03,2017,Belarus,4.78,4.8,1.23,0.78,0.44
2017-03,2017,Kazakhstan,2.84,2.02,0.71,0.34,0.37
2017-03,2017,USA,2.93,5.98,0.74,0.95,-0.21
2017-03,2017,UK,5.22,2.0,1.24,0.32,0.92
2017-03,2017,Japan,2.99,3.89,0.76,0.63,0.13
2017-03,2017,South_Korea,3.05,2.87,0.76,0.5,0.26
2017-04,2017,China,9.93,20.42,2.42,3.42,-1.0
2017-04,2017,EU,47.1,34.48,11.87,5.38,6.49
2017-04,2017,India,0.98,1.01,0.23,0.17,0.06
2017-04,2017,Turkey,4.06,2.01,1.04,0.32,0.71
2017-04,2017,Belarus,5.07,4.85,1.32,0.74,0.58
2017-04,2017,Kazakhstan,2.96,2.01,0.79,0.34,0.45
2017-04,2017,USA,3.03,6.11,0.8,1.01,-0.21
2017-04,2017,UK,4.65,1.84,1.2,0.31,0.89
2017-04,2017,Japan,2.96,3.88,0.75,0.66,0.1
2017-04,2017,South_Korea,3.07,2.83,0.72,0.46,0.26
2017-05,2017,China,9.32,19.53,2.54,3.02,-0.47
2017-05,2017,EU,45.03,38.68,12.01,6.65,5.36
2017-05,2017,India,1.07,1.09,0.27,0.19,0.08
2017-05,2017,Turkey,4.26,1.91,1.08,0.32,0.76
2017-05,2017,Belarus,5.12,4.53,1.39,0.79,0.6
2017-05,2017,Kazakhstan,3.09,1.76,0.76,0.32,0.44
2017-05,2017,USA,2.97,5.48,0.77,0.96,-0.19
2017-05,2017,UK,5.13,1.98,1.38,0.33,1.05
2017-05,2017,Japan,3.08,4.03,0.79,0.67,0.11
2017-05,2017,South_Korea,2.95,3.0,0.75,0.53,0.22
2017-06,2017,China,9.73,22.65,2.48,4.05,-1.57
2017-06,2017,EU,46.12,37.31,12.07,6.25,5.82
2017-06,2017,India,0.97,1.01,0.25,0.18,0.07
2017-06,2017,Turkey,3.91,1.96,0.95,0.35,0.6
2017-06,2017,Belarus,5.14,5.24,1.4,0.93,0.46
2017-06,2017,Kazakhstan,3.12,2.06,0.84,0.33,0.51
2017-06,2017,USA,2.84,5.62,0.78,0.94,-0.16
2017-06,2017,UK,4.84,2.0,1.2,0.35,0.85
2017-06,2017,Japan,2.68,3.76,0.7,0.62,0.09
2017-06,2017,South_Korea,3.19,3.01,0.87,0.53,0.34
2017-07,2017,China,9.99,19.95,2.75,3.55,-0.81
2017-07,2017,EU,48.59,38.53,12.67,6.82,5.85
2017-07,2017,India,1.02,1.06,0.28,0.18,0.1
2017-07,2017,Turkey,3.76,1.81,0.95,0.31,0.64
2017-07,2017,Belarus,5.38,5.38,1.48,0.99,0.49
2017-07,2017,Kazakhstan,2.89,1.85,0.74,0.3,0.44
2017-07,2017,USA,2.83,5.85,0.76,1.03,-0.27
2017-07,2017,UK,4.83,2.06,1.24,0.36,0.88
2017-07,2017,Japan,2.83,4.22,0.75,0.76,-0.01
2017-07,2017,South_Korea,2.82,3.03,0.76,0.49,0.28
2017-08,2017,China,10.58,19.69,2.87,3.74,-0.87
2017-08,2017,EU,46.1,34.24,12.32,6.38,5.94
2017-08,2017,India,0.96,0.98,0.25,0.18,0.08
2017-08,2017,Turkey,3.69,2.06,0.97,0.37,0.6
2017-08,2017,Belarus,4.94,5.15,1.33,0.97,0.36
2017-08,2017,Kazakhstan,3.15,1.92,0.89,0.35,0.55
2017-08,2017,USA,3.03,6.25,0.78,1.05,-0.27
2017-08,2017,UK,5.01,1.94,1.46,0.33,1.13
2017-08,2017,Japan,3.01,4.04,0.85,0.69,0.16
2017-08,2017,South_Korea,2.76,3.21,0.74,0.59,0.16
2017-09,2017,China,10.43,22.08,2.81,3.87,-1.06
2017-09,2017,EU,39.61,35.16,10.86,6.15,4.7
2017-09,2017,India,0.94,1.0,0.27,0.18,0.09
2017-09,2017,Turkey,3.77,2.13,1.0,0.41,0.59
2017-09,2017,Belarus,4.93,5.03,1.43,0.86,0.58
2017-09,2017,Kazakhstan,2.84,1.97,0.77,0.39,0.38
2017-09,2017,USA,2.87,5.61,0.75,1.02,-0.26
2017-09,2017,UK,5.12,1.93,1.4,0.37,1.03
2017-09,2017,Japan,3.01,4.06,0.88,0.71,0.17
2017-09,2017,South_Korea,2.89,2.93,0.77,0.49,0.28
2017-10,2017,China,10.07,21.23,2.77,3.91,-1.14
2017-10,2017,EU,44.57,34.57,12.51,6.45,6.06
2017-10,2017,India,0.92,1.07,0.24,0.19,0.06
2017-10,2017,Turkey,4.04,2.05,1.16,0.38,0.77
2017-10,2017,Belarus,4.87,5.03,1.33,0.92,0.41
2017-10,2017,Kazakhstan,3.01,1.95,0.82,0.33,0.49
2017-10,2017,USA,3.12,6.09,0.79,1.15,-0.36
2017-10,2017,UK,4.99,1.91,1.33,0.34,0.99
2017-10,2017,Japan,2.86,3.84,0.85,0.71,0.14
2017-10,2017,South_Korea,3.31,3.03,0.94,0.53,0.4
2017-11,2017,China,9.92,20.91,2.86,3.86,-1.0
2017-11,2017,EU,44.77,37.58,12.46,6.84,5.62
2017-11,2017,India,0.97,1.05,0.27,0.2,0.07
2017-11,2017,Turkey,3.97,2.11,1.03,0.39,0.63
2017-11,2017,Belarus,4.69,5.1,1.31,0.89,0.43
2017-11,2017,Kazakhstan,3.05,2.02,0.85,0.37,0.48
2017-11,2017,USA,3.02,6.35,0.84,1.22,-0.38
2017-11,2017,UK,4.99,2.13,1.39,0.38,1.01
2017-11,2017,Japan,2.84,3.99,0.77,0.78,-0.01
2017-11,2017,South_Korea,2.87,2.9,0.83,0.56,0.27
2017-12,2017,China,10.37,22.11,2.95,4.14,-1.18
2017-12,2017,EU,48.43,40.13,14.24,7.86,6.38
2017-12,2017,India,1.04,0.94,0.3,0.19,0.11
2017-12,2017,Turkey,4.14,1.99,1.26,0.38,0.88
2017-12,2017,Belarus,5.19,5.09,1.52,0.98,0.54
2017-12,2017,Kazakhstan,3.19,2.14,0.9,0.41,0.49
2017-12,2017,USA,3.19,5.96,0.86,1.08,-0.21
2017-12,2017,UK,4.79,1.95,1.33,0.38,0.95
2017-12,2017,Japan,2.96,4.25,0.81,0.79,0.02
2017-12,2017,South_Korea,3.02,3.12,0.9,0.57,0.33
2018-01,2018,China,14.7,21.98,4.41,3.95,0.46
2018-01,2018,EU,39.87,35.92,11.98,6.38,5.6
2018-01,2018,India,0.98,1.04,0.29,0.2,0.09
2018-01,2018,Turkey,3.56,2.12,1.09,0.41,0.68
2018-01,2018,Belarus,5.06,5.13,1.55,0.98,0.57
2018-01,2018,Kazakhstan,2.97,2.04,0.86,0.39,0.47
2018-01,2018,USA,2.74,6.16,0.83,1.22,-0.39
2018-01,2018,UK,5.24,1.99,1.53,0.4,1.13
2018-01,2018,Japan,3.13,4.3,0.88,0.79,0.09
2018-01,2018,South_Korea,2.95,2.86,0.81,0.55,0.26
2018-02,2018,China,14.28,24.3,4.3,4.37,-0.06
2018-02,2018,EU,38.06,33.5,11.33,6.02,5.31
2018-02,2018,India,0.95,0.98,0.3,0.19,0.11
2018-02,2018,Turkey,4.2,1.99,1.25,0.39,0.86
2018-02,2018,Belarus,4.96,4.84,1.38,0.9,0.48
2018-02,2018,Kazakhstan,3.13,2.13,0.9,0.38,0.52
2018-02,2018,USA,3.14,6.02,0.88,1.01,-0.12
2018-02,2018,UK,4.76,1.95,1.35,0.38,0.97
2018-02,2018,Japan,2.88,4.0,0.94,0.77,0.17
2018-02,2018,South_Korea,2.98,2.99,0.91,0.58,0.33
2018-03,2018,China,13.3,23.51,3.92,4.45,-0.53
2018-03,2018,EU,42.56,35.05,12.86,7.05,5.81
2018-03,2018,India,1.01,0.92,0.33,0.17,0.15
2018-03,2018,Turkey,3.55,1.84,1.12,0.33,0.79
2018-03,2018,Belarus,5.34,5.02,1.66,0.95,0.71
2018-03,2018,Kazakhstan,3.08,2.03,0.93,0.37,0.56
2018-03,2018,USA,3.05,5.45,0.96,1.05,-0.09
2018-03,2018,UK,5.12,1.74,1.48,0.33,1.15
2018-03,2018,Japan,3.1,3.81,1.04,0.72,0.31
2018-03,2018,South_Korea,2.85,2.97,0.83,0.54,0.29
2018-04,2018,China,14.71,24.62,4.65,4.98,-0.33
2018-04,2018,EU,39.95,32.19,12.73,5.92,6.82
2018-04,2018,India,0.98,1.0,0.3,0.18,0.12
2018-04,2018,Turkey,3.81,2.0,1.15,0.4,0.75
2018-04,2018,Belarus,5.32,4.72,1.65,0.97,0.69
2018-04,2018,Kazakhstan,2.98,1.96,0.96,0.37,0.58
2018-04,2018,USA,3.19,5.82,0.97,1.16,-0.19
2018-04,2018,UK,5.03,2.01,1.44,0.38,1.06
2018-04,2018,Japan,3.13,3.84,1.0,0.75,0.25
2018-04,2018,South_Korea,2.97,3.2,0.91,0.61,0.3
2018-05,2018,China,13.85,24.1,4.52,4.38,0.14
2018-05,2018,EU,40.69,34.12,13.17,7.23,5.94
2018-05,2018,India,0.97,0.94,0.31,0.18,0.13
2018-05,2018,Turkey,4.17,1.95,1.28,0.35,0.92
2018-05,2018,Belarus,4.66,4.9,1.47,1.02,0.44
2018-05,2018,Kazakhstan,2.75,2.03,0.84,0.4,0.45
2018-05,2018,USA,2.92,6.31,0.96,1.21,-0.25
2018-05,2018,UK,5.36,2.08,1.79,0.4,1.39
2018-05,2018,Japan,3.14,3.85,0.96,0.81,0.15
2018-05,2018,South_Korea,2.84,2.93,0.83,0.55,0.28
2018-06,2018,China,13.3,23.2,4.35,4.6,-0.25
2018-06,2018,EU,37.04,32.66,12.49,6.77,5.72
2018-06,2018,India,1.06,0.92,0.36,0.19,0.17
2018-06,2018,Turkey,3.66,2.11,1.19,0.4,0.79
2018-06,2018,Belarus,5.03,5.11,1.7,1.04,0.66
2018-06,2018,Kazakhstan,2.77,1.94,0.9,0.4,0.5
2018-06,2018,USA,2.59,5.82,0.79,1.07,-0.28
2018-06,2018,UK,5.25,1.95,1.54,0.38,1.16
2018-06,2018,Japan,3.31,3.64,1.09,0.75,0.34
2018-06,2018,South_Korea,2.99,3.29,0.94,0.68,0.27
2018-07,2018,China,14.85,23.96,4.61,4.48,0.12
2018-07,2018,EU,34.43,35.01,11.57,6.85,4.73
2018-07,2018,India,0.99,1.07,0.33,0.2,0.13
2018-07,2018,Turkey,4.03,2.2,1.36,0.42,0.94
2018-07,2018,Belarus,4.99,5.12,1.62,0.98,0.64
2018-07,2018,Kazakhstan,3.0,2.15,1.02,0.41,0.61
2018-07,2018,USA,3.13,6.0,1.05,1.18,-0.14
2018-07,2018,UK,4.47,1.7,1.49,0.32,1.17
2018-07,2018,Japan,2.75,3.84,0.94,0.76,0.18
2018-07,2018,South_Korea,3.12,3.07,0.99,0.62,0.37
2018-08,2018,China,14.41,23.86,4.86,4.82,0.04
2018-08,2018,EU,37.54,35.85,12.92,7.02,5.9
2018-08,2018,India,1.08,0.94,0.36,0.18,0.18
2018-08,2018,Turkey,4.07,2.12,1.32,0.47,0.85
2018-08,2018,Belarus,4.83,5.09,1.63,1.0,0.63
2018-08,2018,Kazakhstan,2.88,2.11,0.94,0.38,0.55
2018-08,2018,USA,2.83,6.43,1.0,1.16,-0.16
2018-08,2018,UK,5.2,1.8,1.75,0.34,1.41
2018-08,2018,Japan,3.13,4.11,1.1,0.8,0.3
2018-08,2018,South_Korea,2.97,2.78,0.96,0.56,0.4
2018-09,2018,China,14.26,24.13,5.14,4.5,0.65
2018-09,2018,EU,40.4,32.0,14.7,6.43,8.27
2018-09,2018,India,1.05,0.96,0.39,0.2,0.19
2018-09,2018,Turkey,4.09,2.12,1.39,0.4,0.99
2018-09,2018,Belarus,5.2,4.77,1.88,0.98,0.9
2018-09,2018,Kazakhstan,3.04,2.02,1.08,0.4,0.68
2018-09,2018,USA,2.94,5.55,1.05,1.11,-0.06
2018-09,2018,UK,5.69,1.99,1.98,0.4,1.58
2018-09,2018,Japan,3.1,3.81,1.06,0.77,0.29
2018-09,2018,South_Korea,2.95,3.12,1.02,0.62,0.39
2018-10,2018,China,14.81,23.73,4.88,4.64,0.25
2018-10,2018,EU,37.39,30.39,13.03,6.05,6.98
2018-10,2018,India,1.05,0.94,0.37,0.19,0.17
2018-10,2018,Turkey,3.89,2.05,1.45,0.38,1.07
2018-10,2018,Belarus,5.07,5.29,1.75,1.1,0.65
2018-10,2018,Kazakhstan,3.1,2.18,1.11,0.46,0.65
2018-10,2018,USA,3.05,5.59,1.04,1.15,-0.11
2018-10,2018,UK,5.25,1.97,1.97,0.38,1.59
2018-10,2018,Japan,3.07,4.09,1.02,0.8,0.21
2018-10,2018,South_Korea,3.36,2.86,1.2,0.54,0.67
2018-11,2018,China,13.35,22.3,4.94,4.27,0.67
2018-11,2018,EU,41.47,33.1,14.87,6.67,8.2
2018-11,2018,India,0.92,1.01,0.33,0.21,0.12
2018-11,2018,Turkey,3.81,1.92,1.39,0.4,0.99
2018-11,2018,Belarus,4.85,4.69,1.71,0.89,0.82
2018-11,2018,Kazakhstan,3.06,1.89,1.13,0.38,0.76
2018-11,2018,USA,3.15,5.27,1.05,1.1,-0.05
2018-11,2018,UK,4.82,1.85,1.71,0.37,1.33
2018-11,2018,Japan,2.98,4.09,1.08,0.82,0.26
2018-11,2018,South_Korea,3.2,3.0,1.14,0.61,0.53
2018-12,2018,China,14.39,22.92,5.21,4.64,0.56
2018-12,2018,EU,37.86,33.08,12.99,5.83,7.16
2018-12,2018,India,0.98,1.01,0.34,0.21,0.13
2018-12,2018,Turkey,3.79,2.09,1.4,0.45,0.95
2018-12,2018,Belarus,5.13,4.64,1.94,0.99,0.96
2018-12,2018,Kazakhstan,2.73,2.06,1.03,0.41,0.62
2018-12,2018,USA,2.64,5.91,0.94,1.25,-0.31
2018-12,2018,UK,4.98,1.96,1.77,0.4,1.37
2018-12,2018,Japan,3.01,3.84,1.1,0.75,0.36
2018-12,2018,South_Korea,2.61,3.1,0.97,0.62,0.35
2019-01,2019,China,13.69,23.91,5.23,4.66,0.57
2019-01,2019,EU,40.68,31.49,15.15,6.31,8.84
2019-01,2019,India,1.05,0.95,0.38,0.18,0.2
2019-01,2019,Turkey,3.89,2.03,1.33,0.4,0.94
2019-01,2019,Belarus,5.15,4.97,1.91,0.93,0.98
2019-01,2019,Kazakhstan,2.98,2.0,1.1,0.4,0.69
2019-01,2019,USA,2.95,5.86,1.05,1.22,-0.17
2019-01,2019,UK,4.69,2.02,1.86,0.42,1.44
2019-01,2019,Japan,3.08,4.05,1.13,0.78,0.35
2019-01,2019,South_Korea,2.96,3.09,1.11,0.64,0.48
2019-02,2019,China,14.85,23.81,5.5,4.4,1.1
2019-02,2019,EU,43.4,33.3,16.36,6.55,9.81
2019-02,2019,India,0.98,0.99,0.34,0.18,0.16
2019-02,2019,Turkey,4.23,2.05,1.5,0.42,1.08
2019-02,2019,Belarus,5.21,4.83,1.94,1.0,0.94
2019-02,2019,Kazakhstan,2.78,2.05,1.04,0.44,0.6
2019-02,2019,USA,3.08,5.88,1.12,1.27,-0.15
2019-02,2019,UK,4.91,2.06,1.79,0.43,1.36
2019-02,2019,Japan,3.17,4.0,1.15,0.79,0.36
2019-02,2019,South_Korea,2.74,3.02,1.01,0.58,0.43
2019-03,2019,China,12.72,24.25,4.7,4.93,-0.22
2019-03,2019,EU,37.07,34.67,13.44,7.17,6.26
2019-03,2019,India,0.95,1.06,0.37,0.21,0.16
2019-03,2019,Turkey,4.08,2.08,1.43,0.41,1.02
2019-03,2019,Belarus,5.05,5.51,1.75,1.17,0.58
2019-03,2019,Kazakhstan,2.97,2.0,1.14,0.43,0.71
2019-03,2019,USA,3.06,6.35,1.08,1.24,-0.17
2019-03,2019,UK,4.66,1.95,1.74,0.39,1.35
2019-03,2019,Japan,3.26,4.41,1.18,0.86,0.33
2019-03,2019,South_Korea,3.17,3.19,1.18,0.66,0.52
2019-04,2019,China,14.38,22.81,4.96,4.55,0.41
2019-04,2019,EU,38.61,34.47,13.92,6.42,7.5
2019-04,2019,India,0.89,1.04,0.32,0.21,0.11
2019-04,2019,Turkey,3.89,1.91,1.36,0.4,0.96
2019-04,2019,Belarus,4.94,5.16,1.85,1.04,0.8
2019-04,2019,Kazakhstan,3.12,2.0,1.19,0.41,0.78
2019-04,2019,USA,3.14,5.72,1.15,1.06,0.09
2019-04,2019,UK,5.35,1.94,1.9,0.37,1.54
2019-04,2019,Japan,2.99,3.95,1.16,0.82,0.35
2019-04,2019,South_Korea,2.92,2.75,0.96,0.53,0.44
2019-05,2019,China,13.07,24.42,4.68,4.89,-0.21
2019-05,2019,EU,37.15,34.26,12.62,6.83,5.79
2019-05,2019,India,1.04,0.98,0.38,0.18,0.2
2019-05,2019,Turkey,3.59,2.03,1.35,0.4,0.94
2019-05,2019,Belarus,5.54,4.64,1.94,0.93,1.01
2019-05,2019,Kazakhstan,3.07,1.94,1.06,0.4,0.66
2019-05,2019,USA,3.02,5.9,1.11,1.17,-0.06
2019-05,2019,UK,4.97,1.98,1.73,0.38,1.35
2019-05,2019,Japan,2.92,4.01,0.97,0.83,0.14
2019-05,2019,South_Korea,3.0,2.84,1.15,0.57,0.58
2019-06,2019,China,13.07,25.89,4.92,4.99,-0.06
2019-06,2019,EU,38.37,33.22,12.68,6.73,5.95
2019-06,2019,India,1.04,1.03,0.37,0.21,0.16
2019-06,2019,Turkey,3.77,2.18,1.31,0.42,0.88
2019-06,2019,Belarus,4.86,4.84,1.72,0.96,0.76
2019-06,2019,Kazakhstan,3.02,1.92,1.09,0.37,0.72
2019-06,2019,USA,3.11,6.22,1.11,1.21,-0.1
2019-06,2019,UK,5.08,1.91,1.82,0.38,1.44
2019-06,2019,Japan,3.39,3.75,1.08,0.73,0.35
2019-06,2019,South_Korea,2.74,2.89,0.93,0.56,0.37
2019-07,2019,China,13.25,25.16,4.7,5.25,-0.55
2019-07,2019,EU,39.08,35.58,13.71,7.57,6.14
2019-07,2019,India,1.02,0.96,0.37,0.19,0.18
2019-07,2019,Turkey,3.96,2.01,1.45,0.37,1.08
2019-07,2019,Belarus,4.91,5.17,1.76,0.99,0.77
2019-07,2019,Kazakhstan,2.64,2.17,0.93,0.46,0.47
2019-07,2019,USA,3.12,5.76,1.0,1.13,-0.13
2019-07,2019,UK,4.99,2.05,1.69,0.41,1.28
2019-07,2019,Japan,3.03,4.2,1.06,0.85,0.21
2019-07,2019,South_Korea,3.04,3.13,1.05,0.55,0.5
2019-08,2019,China,13.83,23.72,4.65,4.46,0.19
2019-08,2019,EU,37.88,33.8,13.4,6.14,7.26
2019-08,2019,India,0.91,1.06,0.32,0.21,0.11
2019-08,2019,Turkey,3.73,2.0,1.3,0.39,0.91
2019-08,2019,Belarus,4.63,4.78,1.76,0.94,0.82
2019-08,2019,Kazakhstan,3.12,1.98,1.09,0.39,0.7
2019-08,2019,USA,3.2,6.11,1.09,1.2,-0.11
2019-08,2019,UK,5.27,1.72,1.88,0.35,1.53
2019-08,2019,Japan,2.89,4.03,1.04,0.77,0.27
2019-08,2019,South_Korea,3.13,3.04,1.1,0.61,0.48
2019-09,2019,China,14.5,26.78,5.2,5.53,-0.33
2019-09,2019,EU,39.38,37.23,12.97,6.93,6.04
2019-09,2019,India,1.01,1.03,0.32,0.21,0.11
2019-09,2019,Turkey,3.96,2.07,1.41,0.38,1.03
2019-09,2019,Belarus,4.73,4.8,1.7,0.97,0.73
2019-09,2019,Kazakhstan,2.91,2.01,0.97,0.44,0.54
2019-09,2019,USA,3.09,6.24,1.14,1.3,-0.16
2019-09,2019,UK,5.01,1.98,1.84,0.4,1.45
2019-09,2019,Japan,2.89,4.39,0.97,0.82,0.15
2019-09,2019,South_Korea,3.15,2.89,1.12,0.62,0.5
2019-10,2019,China,13.04,23.95,4.8,4.92,-0.12
2019-10,2019,EU,38.65,38.06,13.38,7.73,5.65
2019-10,2019,India,1.08,1.05,0.4,0.2,0.19
2019-10,2019,Turkey,4.25,2.02,1.43,0.41,1.02
2019-10,2019,Belarus,5.05,5.47,1.78,1.06,0.72
2019-10,2019,Kazakhstan,2.85,2.0,0.94,0.39,0.55
2019-10,2019,USA,2.96,5.87,1.06,1.14,-0.08
2019-10,2019,UK,4.38,1.83,1.52,0.36,1.16
2019-10,2019,Japan,2.81,4.39,1.01,0.88,0.13
2019-10,2019,South_Korea,3.03,2.96,1.0,0.62,0.39
2019-11,2019,China,14.6,21.63,5.08,4.38,0.7
2019-11,2019,EU,38.37,37.57,14.29,7.4,6.89
2019-11,2019,India,0.99,0.98,0.33,0.19,0.14
2019-11,2019,Turkey,4.1,2.2,1.5,0.45,1.05
2019-11,2019,Belarus,4.4,4.53,1.58,0.97,0.62
2019-11,2019,Kazakhstan,3.08,1.97,1.12,0.41,0.72
2019-11,2019,USA,3.17,5.44,1.11,1.17,-0.06
2019-11,2019,UK,5.13,2.09,1.77,0.42,1.35
2019-11,2019,Japan,3.21,3.87,1.07,0.76,0.31
2019-11,2019,South_Korea,3.0,2.76,1.07,0.55,0.52
2019-12,2019,China,14.6,21.46,5.17,4.52,0.65
2019-12,2019,EU,39.86,34.05,14.12,7.16,6.96
2019-12,2019,India,1.03,1.03,0.37,0.21,0.16
2019-12,2019,Turkey,3.84,2.13,1.31,0.43,0.88
2019-12,2019,Belarus,5.03,5.24,1.84,1.05,0.79
2019-12,2019,Kazakhstan,3.26,2.02,1.18,0.41,0.77
2019-12,2019,USA,2.93,6.58,0.98,1.28,-0.3
2019-12,2019,UK,4.69,2.13,1.7,0.43,1.27
2019-12,2019,Japan,2.85,4.0,0.97,0.77,0.2
2019-12,2019,South_Korea,2.93,3.08,0.98,0.62,0.36
2020-01,2020,China,12.76,26.02,4.27,5.38,-1.12
2020-01,2020,EU,39.37,34.68,12.77,6.72,6.05
2020-01,2020,India,0.96,1.0,0.34,0.2,0.14
2020-01,2020,Turkey,3.82,2.01,1.29,0.4,0.9
2020-01,2020,Belarus,5.0,5.19,1.65,1.02,0.63
2020-01,2020,Kazakhstan,3.15,2.05,1.12,0.43,0.69
2020-01,2020,USA,2.8,6.09,0.93,1.16,-0.23
2020-01,2020,UK,4.8,1.97,1.61,0.38,1.23
2020-01,2020,Japan,3.0,4.49,0.95,0.94,0.01
2020-01,2020,South_Korea,3.0,2.93,0.94,0.6,0.33
2020-02,2020,China,12.99,24.99,4.64,4.72,-0.08
2020-02,2020,EU,41.28,34.04,12.63,6.45,6.18
2020-02,2020,India,1.01,1.02,0.32,0.2,0.11
2020-02,2020,Turkey,4.16,2.1,1.37,0.43,0.94
2020-02,2020,Belarus,5.27,5.21,1.82,1.04,0.78
2020-02,2020,Kazakhstan,2.99,2.03,0.97,0.42,0.54
2020-02,2020,USA,2.77,5.85,0.92,1.19,-0.26
2020-02,2020,UK,5.16,2.15,1.73,0.42,1.31
2020-02,2020,Japan,2.98,3.94,1.02,0.75,0.26
2020-02,2020,South_Korea,2.97,3.24,1.0,0.62,0.38
2020-03,2020,China,13.76,21.32,4.51,4.51,0.0
2020-03,2020,EU,36.69,31.52,11.73,6.48,5.25
2020-03,2020,India,1.09,1.02,0.34,0.2,0.14
2020-03,2020,Turkey,4.36,1.97,1.44,0.39,1.04
2020-03,2020,Belarus,4.61,5.25,1.57,0.96,0.61
2020-03,2020,Kazakhstan,2.8,1.9,0.95,0.37,0.58
2020-03,2020,USA,3.06,5.95,1.01,1.2,-0.19
2020-03,2020,UK,5.07,2.0,1.69,0.4,1.29
2020-03,2020,Japan,2.97,3.91,1.05,0.76,0.29
2020-03,2020,South_Korea,3.21,2.9,1.09,0.62,0.47
2020-04,2020,China,13.76,23.2,4.36,4.58,-0.22
2020-04,2020,EU,39.63,33.93,12.56,7.23,5.34
2020-04,2020,India,0.99,0.97,0.33,0.2,0.13
2020-04,2020,Turkey,4.28,2.19,1.4,0.43,0.97
2020-04,2020,Belarus,4.52,4.77,1.47,0.9,0.57
2020-04,2020,Kazakhstan,2.76,2.01,0.92,0.39,0.53
2020-04,2020,USA,3.13,6.18,1.06,1.33,-0.27
2020-04,2020,UK,5.65,2.07,1.79,0.41,1.38
2020-04,2020,Japan,3.24,3.82,1.1,0.75,0.35
2020-04,2020,South_Korea,3.03,2.88,0.93,0.56,0.36
2020-05,2020,China,14.91,23.16,5.03,4.45,0.58
2020-05,2020,EU,36.92,34.43,12.01,6.82,5.19
2020-05,2020,India,1.01,1.08,0.32,0.21,0.11
2020-05,2020,Turkey,3.77,2.13,1.17,0.41,0.76
2020-05,2020,Belarus,5.26,5.51,1.68,1.08,0.6
2020-05,2020,Kazakhstan,3.0,1.95,0.94,0.38,0.56
2020-05,2020,USA,3.14,5.97,1.05,1.17,-0.12
2020-05,2020,UK,4.91,2.13,1.56,0.42,1.14
2020-05,2020,Japan,3.01,4.29,0.96,0.89,0.08
2020-05,2020,South_Korea,2.96,3.16,0.95,0.64,0.3
2020-06,2020,China,14.68,22.87,4.57,4.65,-0.08
2020-06,2020,EU,41.18,36.13,12.85,7.51,5.34
2020-06,2020,India,0.97,0.93,0.3,0.19,0.11
2020-06,2020,Turkey,3.78,1.85,1.09,0.37,0.72
2020-06,2020,Belarus,4.64,5.14,1.42,0.97,0.45
2020-06,2020,Kazakhstan,2.85,2.02,0.86,0.4,0.46
2020-06,2020,USA,3.06,6.18,0.99,1.22,-0.23
2020-06,2020,UK,4.74,2.05,1.51,0.4,1.11
2020-06,2020,Japan,2.96,4.5,0.87,0.9,-0.03
2020-06,2020,South_Korea,3.16,2.95,0.97,0.57,0.41
2020-07,2020,China,14.0,25.08,4.24,5.5,-1.26
2020-07,2020,EU,38.12,36.34,11.88,7.12,4.76
2020-07,2020,India,1.07,0.92,0.33,0.17,0.16
2020-07,2020,Turkey,3.91,1.95,1.15,0.36,0.79
2020-07,2020,Belarus,5.1,4.98,1.54,1.0,0.53
2020-07,2020,Kazakhstan,3.07,1.97,1.05,0.4,0.65
2020-07,2020,USA,3.37,5.88,1.04,1.09,-0.05
2020-07,2020,UK,4.92,1.94,1.68,0.37,1.31
2020-07,2020,Japan,2.96,3.71,0.92,0.7,0.23
2020-07,2020,South_Korea,3.14,2.73,0.95,0.49,0.46
2020-08,2020,China,13.66,23.66,3.99,4.5,-0.51
2020-08,2020,EU,40.89,37.7,12.4,7.07,5.33
2020-08,2020,India,1.0,0.98,0.31,0.19,0.12
2020-08,2020,Turkey,3.68,2.11,1.14,0.43,0.71
2020-08,2020,Belarus,4.87,5.08,1.39,0.98,0.4
2020-08,2020,Kazakhstan,3.06,1.94,0.93,0.38,0.55
2020-08,2020,USA,2.93,6.42,0.87,1.25,-0.38
2020-08,2020,UK,4.63,2.05,1.36,0.41,0.95
2020-08,2020,Japan,2.8,4.09,0.77,0.81,-0.05
2020-08,2020,South_Korea,2.97,3.06,0.87,0.57,0.3
2020-09,2020,China,13.7,24.23,4.11,4.74,-0.63
2020-09,2020,EU,37.17,37.12,11.04,7.0,4.04
2020-09,2020,India,1.02,1.01,0.3,0.19,0.1
2020-09,2020,Turkey,4.2,2.17,1.13,0.44,0.69
2020-09,2020,Belarus,5.0,5.06,1.55,0.87,0.67
2020-09,2020,Kazakhstan,3.12,2.13,0.89,0.39,0.5
2020-09,2020,USA,3.25,5.47,0.97,1.1,-0.13
2020-09,2020,UK,5.1,2.06,1.48,0.4,1.07
2020-09,2020,Japan,2.89,3.88,0.85,0.7,0.14
2020-09,2020,South_Korea,3.09,2.63,0.92,0.52,0.4
2020-10,2020,China,13.44,22.52,3.8,4.45,-0.64
2020-10,2020,EU,39.67,32.11,11.45,6.25,5.21
2020-10,2020,India,1.01,0.95,0.29,0.19,0.1
2020-10,2020,Turkey,4.11,2.04,1.26,0.4,0.86
2020-10,2020,Belarus,4.79,4.79,1.39,0.87,0.52
2020-10,2020,Kazakhstan,2.95,2.05,0.89,0.37,0.52
2020-10,2020,USA,3.01,5.98,0.87,1.16,-0.29
2020-10,2020,UK,4.99,2.14,1.51,0.45,1.06
2020-10,2020,Japan,3.0,3.92,0.83,0.74,0.09
2020-10,2020,South_Korea,3.11,3.13,0.92,0.59,0.33
2020-11,2020,China,13.54,26.35,3.68,5.34,-1.65
2020-11,2020,EU,39.79,32.75,10.67,6.1,4.56
2020-11,2020,India,1.02,0.95,0.31,0.18,0.12
2020-11,2020,Turkey,4.14,2.06,1.24,0.39,0.85
2020-11,2020,Belarus,5.03,4.65,1.42,0.93,0.49
2020-11,2020,Kazakhstan,3.03,2.23,0.87,0.42,0.45
2020-11,2020,USA,3.07,5.56,0.84,1.01,-0.18
2020-11,2020,UK,5.0,1.99,1.48,0.38,1.1
2020-11,2020,Japan,2.85,4.31,0.71,0.83,-0.12
2020-11,2020,South_Korea,3.03,3.0,0.87,0.58,0.29
2020-12,2020,China,14.35,23.28,3.73,4.43,-0.71
2020-12,2020,EU,37.0,32.76,10.68,6.64,4.03
2020-12,2020,India,1.06,1.05,0.29,0.21,0.08
2020-12,2020,Turkey,4.07,2.19,1.08,0.43,0.65
2020-12,2020,Belarus,4.68,5.17,1.2,0.94,0.26
2020-12,2020,Kazakhstan,2.81,2.03,0.79,0.42,0.36
2020-12,2020,USA,2.99,6.23,0.83,1.22,-0.39
2020-12,2020,UK,5.04,2.11,1.33,0.36,0.97
2020-12,2020,Japan,3.06,3.64,0.89,0.68,0.21
2020-12,2020,South_Korea,2.84,3.41,0.78,0.64,0.14
2021-01,2021,China,14.52,24.98,4.11,4.5,-0.39
2021-01,2021,EU,40.05,33.5,10.43,6.38,4.04
2021-01,2021,India,0.91,1.05,0.24,0.2,0.05
2021-01,2021,Turkey,3.97,1.98,1.12,0.36,0.76
2021-01,2021,Belarus,4.9,4.95,1.27,0.95,0.32
2021-01,2021,Kazakhstan,2.89,1.86,0.8,0.38,0.42
2021-01,2021,USA,3.01,5.97,0.81,1.11,-0.3
2021-01,2021,UK,5.29,2.01,1.31,0.4,0.91
2021-01,2021,Japan,3.14,4.12,0.76,0.78,-0.03
2021-01,2021,South_Korea,3.13,3.06,0.85,0.6,0.25
2021-02,2021,China,14.1,25.44,3.99,4.98,-0.99
2021-02,2021,EU,40.74,33.32,10.96,6.51,4.45
2021-02,2021,India,1.03,1.05,0.3,0.2,0.1
2021-02,2021,Turkey,3.97,1.94,1.13,0.35,0.77
2021-02,2021,Belarus,5.01,5.71,1.32,1.12,0.2
2021-02,2021,Kazakhstan,3.06,2.05,0.83,0.41,0.42
2021-02,2021,USA,2.92,5.57,0.85,1.12,-0.26
2021-02,2021,UK,4.76,1.95,1.31,0.35,0.95
2021-02,2021,Japan,3.11,4.16,0.86,0.81,0.05
2021-02,2021,South_Korea,3.02,3.04,0.8,0.6,0.2
2021-03,2021,China,13.18,24.82,3.68,4.7,-1.03
2021-03,2021,EU,38.95,33.91,11.39,6.54,4.86
2021-03,2021,India,1.01,1.01,0.31,0.2,0.1
2021-03,2021,Turkey,3.88,1.87,1.06,0.38,0.68
2021-03,2021,Belarus,5.2,4.78,1.53,0.95,0.58
2021-03,2021,Kazakhstan,3.11,2.09,0.82,0.43,0.39
2021-03,2021,USA,3.04,5.84,0.87,1.17,-0.3
2021-03,2021,UK,4.87,1.91,1.38,0.37,1.01
2021-03,2021,Japan,3.2,4.01,1.02,0.81,0.2
2021-03,2021,South_Korea,3.09,2.84,0.89,0.57,0.32
2021-04,2021,China,13.55,23.44,4.17,4.89,-0.72
2021-04,2021,EU,36.39,34.48,11.25,6.9,4.35
2021-04,2021,India,0.97,1.02,0.26,0.21,0.05
2021-04,2021,Turkey,4.33,1.74,1.35,0.36,0.99
2021-04,2021,Belarus,4.64,5.13,1.46,1.0,0.46
2021-04,2021,Kazakhstan,2.89,2.0,0.91,0.4,0.51
2021-04,2021,USA,2.99,5.8,0.91,1.24,-0.33
2021-04,2021,UK,5.03,1.96,1.52,0.39,1.13
2021-04,2021,Japan,2.85,4.24,0.92,0.81,0.11
2021-04,2021,South_Korea,3.09,3.13,0.89,0.63,0.26
2021-05,2021,China,13.6,26.28,4.54,5.31,-0.77
2021-05,2021,EU,36.15,35.31,11.57,7.78,3.79
2021-05,2021,India,0.95,1.04,0.29,0.22,0.06
2021-05,2021,Turkey,3.99,2.19,1.27,0.45,0.82
2021-05,2021,Belarus,5.03,4.97,1.5,1.12,0.38
2021-05,2021,Kazakhstan,3.24,1.98,1.04,0.45,0.59
2021-05,2021,USA,3.19,5.91,0.99,1.15,-0.16
2021-05,2021,UK,5.19,2.12,1.71,0.46,1.25
2021-05,2021,Japan,3.05,3.8,0.97,0.78,0.19
2021-05,2021,South_Korea,3.08,2.89,0.98,0.64,0.35
2021-06,2021,China,14.26,24.39,4.79,5.62,-0.82
2021-06,2021,EU,38.79,34.89,13.33,7.7,5.63
2021-06,2021,India,0.9,0.96,0.3,0.2,0.1
2021-06,2021,Turkey,4.29,2.19,1.36,0.45,0.91
2021-06,2021,Belarus,4.91,4.9,1.69,1.01,0.68
2021-06,2021,Kazakhstan,3.11,2.14,1.04,0.47,0.57
2021-06,2021,USA,2.98,6.55,0.96,1.46,-0.51
2021-06,2021,UK,4.96,1.82,1.59,0.39,1.2
2021-06,2021,Japan,2.98,3.87,0.99,0.86,0.13
2021-06,2021,South_Korea,2.95,2.95,0.92,0.64,0.28
2021-07,2021,China,14.96,25.65,4.89,6.09,-1.2
2021-07,2021,EU,38.29,32.27,12.12,6.79,5.33
2021-07,2021,India,1.02,0.99,0.33,0.21,0.12
2021-07,2021,Turkey,3.78,1.91,1.32,0.45,0.87
2021-07,2021,Belarus,5.47,5.17,1.79,1.11,0.69
2021-07,2021,Kazakhstan,3.11,1.98,1.06,0.47,0.59
2021-07,2021,USA,3.03,6.68,0.97,1.5,-0.53
2021-07,2021,UK,5.08,1.9,1.75,0.44,1.31
2021-07,2021,Japan,3.33,4.08,1.03,0.91,0.12
2021-07,2021,South_Korea,3.11,2.96,1.05,0.64,0.41
2021-08,2021,China,13.91,25.22,5.08,5.39,-0.31
2021-08,2021,EU,38.0,31.3,14.11,7.29,6.82
2021-08,2021,India,0.9,1.0,0.31,0.22,0.09
2021-08,2021,Turkey,4.21,2.1,1.47,0.46,1.01
2021-08,2021,Belarus,4.84,5.01,1.64,1.13,0.52
2021-08,2021,Kazakhstan,3.08,1.85,1.03,0.41,0.62
2021-08,2021,USA,3.23,6.25,1.12,1.43,-0.31
2021-08,2021,UK,4.97,2.11,1.75,0.5,1.25
2021-08,2021,Japan,2.8,3.84,0.98,0.88,0.1
2021-08,2021,South_Korea,3.36,2.73,1.16,0.61,0.55
2021-09,2021,China,14.17,26.08,5.23,5.62,-0.38
2021-09,2021,EU,41.99,36.56,15.14,7.87,7.28
2021-09,2021,India,0.99,1.02,0.37,0.22,0.15
2021-09,2021,Turkey,3.85,2.11,1.46,0.49,0.96
2021-09,2021,Belarus,5.29,5.11,1.96,1.18,0.78
2021-09,2021,Kazakhstan,3.07,1.88,1.13,0.41,0.72
2021-09,2021,USA,3.11,5.87,1.13,1.3,-0.17
2021-09,2021,UK,4.87,2.04,1.79,0.49,1.3
2021-09,2021,Japan,2.83,3.7,0.97,0.82,0.15
2021-09,2021,South_Korea,3.24,3.2,1.11,0.79,0.32
2021-10,2021,China,14.9,22.04,5.25,4.84,0.41
2021-10,2021,EU,38.83,34.03,14.28,7.35,6.93
2021-10,2021,India,0.93,1.01,0.35,0.22,0.13
2021-10,2021,Turkey,3.74,2.1,1.31,0.49,0.81
2021-10,2021,Belarus,4.67,5.21,1.58,1.21,0.37
2021-10,2021,Kazakhstan,3.14,2.06,1.13,0.47,0.66
2021-10,2021,USA,2.97,5.61,1.09,1.31,-0.23
2021-10,2021,UK,4.9,2.1,1.72,0.46,1.26
2021-10,2021,Japan,2.92,4.02,1.07,0.94,0.13
2021-10,2021,South_Korea,2.83,2.85,1.02,0.66,0.37
2021-11,2021,China,14.77,24.32,5.47,6.1,-0.62
2021-11,2021,EU,39.87,31.69,13.14,7.21,5.93
2021-11,2021,India,1.03,1.04,0.36,0.26,0.11
2021-11,2021,Turkey,4.12,2.14,1.62,0.54,1.08
2021-11,2021,Belarus,5.12,5.11,1.91,1.27,0.64
2021-11,2021,Kazakhstan,2.8,1.99,1.08,0.5,0.58
2021-11,2021,USA,2.93,6.29,1.1,1.57,-0.47
2021-11,2021,UK,4.8,2.07,1.81,0.47,1.34
2021-11,2021,Japan,2.98,4.26,1.08,0.96,0.12
2021-11,2021,South_Korea,3.06,2.75,1.23,0.7,0.53
2021-12,2021,China,14.73,23.99,6.12,6.19,-0.08
2021-12,2021,EU,37.96,36.45,14.24,8.86,5.38
2021-12,2021,India,0.91,1.01,0.35,0.24,0.11
2021-12,2021,Turkey,3.97,1.94,1.55,0.5,1.05
2021-12,2021,Belarus,4.73,5.22,1.86,1.3,0.56
2021-12,2021,Kazakhstan,3.0,1.93,1.19,0.48,0.7
2021-12,2021,USA,2.88,5.6,1.13,1.41,-0.29
2021-12,2021,UK,5.25,2.12,2.07,0.51,1.56
2021-12,2021,Japan,3.0,3.75,1.14,0.92,0.22
2021-12,2021,South_Korea,2.96,3.01,1.09,0.7,0.38
2022-01,2022,China,19.74,30.67,7.69,7.68,0.01
2022-01,2022,EU,30.51,26.38,11.61,6.59,5.02
2022-01,2022,India,3.85,2.02,1.51,0.5,1.01
2022-01,2022,Turkey,8.49,4.83,3.31,1.19,2.12
2022-01,2022,Belarus,7.52,7.96,3.16,1.97,1.19
2022-01,2022,Kazakhstan,4.24,4.08,1.74,0.96,0.77
2022-01,2022,USA,0.92,4.21,0.38,1.15,-0.77
2022-01,2022,UK,1.85,0.31,0.71,0.07,0.64
2022-01,2022,Japan,1.95,2.04,0.76,0.51,0.25
2022-01,2022,South_Korea,2.08,2.11,0.86,0.54,0.32
2022-02,2022,China,18.87,31.09,8.05,7.08,0.97
2022-02,2022,EU,32.19,23.66,13.42,5.38,8.04
2022-02,2022,India,3.92,1.93,1.59,0.46,1.13
2022-02,2022,Turkey,7.03,4.55,3.03,1.09,1.94
2022-02,2022,Belarus,6.75,8.39,2.75,1.95,0.8
2022-02,2022,Kazakhstan,3.84,4.38,1.62,1.05,0.57
2022-02,2022,USA,1.02,3.63,0.42,0.88,-0.46
2022-02,2022,UK,2.0,0.33,0.82,0.08,0.74
2022-02,2022,Japan,2.08,2.01,0.88,0.47,0.41
2022-02,2022,South_Korea,1.8,2.03,0.77,0.49,0.27
2022-03,2022,China,19.06,33.55,7.97,8.06,-0.09
2022-03,2022,EU,30.42,24.87,13.53,5.52,8.01
2022-03,2022,India,4.15,1.97,1.81,0.44,1.36
2022-03,2022,Turkey,7.77,5.56,3.25,1.15,2.11
2022-03,2022,Belarus,6.72,8.05,2.87,1.9,0.97
2022-03,2022,Kazakhstan,4.2,3.94,1.7,0.85,0.85
2022-03,2022,USA,1.0,3.69,0.43,0.88,-0.46
2022-03,2022,UK,2.03,0.3,0.84,0.07,0.78
2022-03,2022,Japan,1.97,2.02,0.88,0.48,0.4
2022-03,2022,South_Korea,2.01,2.05,0.85,0.49,0.37
2022-04,2022,China,18.16,31.67,8.58,6.67,1.91
2022-04,2022,EU,29.85,24.49,14.19,4.78,9.41
2022-04,2022,India,4.02,1.94,1.8,0.41,1.39
2022-04,2022,Turkey,8.38,5.01,3.93,1.13,2.8
2022-04,2022,Belarus,7.01,7.86,3.2,1.73,1.48
2022-04,2022,Kazakhstan,3.77,4.05,1.68,0.85,0.83
2022-04,2022,USA,0.29,0.97,0.14,0.21,-0.07
2022-04,2022,UK,0.21,0.3,0.09,0.07,0.03
2022-04,2022,Japan,1.88,2.06,0.84,0.46,0.38
2022-04,2022,South_Korea,2.14,1.83,0.95,0.37,0.57
2022-05,2022,China,21.05,31.3,9.31,6.93,2.38
2022-05,2022,EU,30.84,22.97,13.73,4.69,9.03
2022-05,2022,India,4.01,1.92,1.84,0.39,1.45
2022-05,2022,Turkey,8.53,5.08,3.89,1.02,2.87
2022-05,2022,Belarus,7.27,8.67,3.24,1.84,1.4
2022-05,2022,Kazakhstan,3.94,3.68,1.7,0.79,0.92
2022-05,2022,USA,0.32,0.97,0.15,0.18,-0.03
2022-05,2022,UK,0.21,0.3,0.09,0.06,0.03
2022-05,2022,Japan,1.86,2.06,0.83,0.42,0.41
2022-05,2022,South_Korea,1.93,1.76,0.94,0.37,0.57
2022-06,2022,China,18.5,32.44,9.11,6.32,2.79
2022-06,2022,EU,34.76,25.52,16.58,4.96,11.62
2022-06,2022,India,3.91,1.89,1.99,0.37,1.62
2022-06,2022,Turkey,7.26,4.83,3.62,0.87,2.75
2022-06,2022,Belarus,6.74,9.06,3.22,1.81,1.41
2022-06,2022,Kazakhstan,4.3,3.82,2.1,0.79,1.31
2022-06,2022,USA,0.31,1.12,0.14,0.23,-0.08
2022-06,2022,UK,0.2,0.3,0.1,0.06,0.04
2022-06,2022,Japan,1.99,2.05,0.89,0.38,0.51
2022-06,2022,South_Korea,2.07,2.1,1.02,0.41,0.61
2022-07,2022,China,19.38,33.53,9.14,5.92,3.22
2022-07,2022,EU,31.88,25.24,14.6,4.32,10.27
2022-07,2022,India,4.0,2.1,1.96,0.37,1.6
2022-07,2022,Turkey,8.21,4.92,4.25,0.88,3.37
2022-07,2022,Belarus,6.61,8.57,3.47,1.49,1.98
2022-07,2022,Kazakhstan,4.08,3.93,2.09,0.68,1.41
2022-07,2022,USA,0.31,1.06,0.15,0.19,-0.04
2022-07,2022,UK,0.21,0.28,0.1,0.05,0.05
2022-07,2022,Japan,1.98,1.84,0.98,0.36,0.62
2022-07,2022,South_Korea,2.21,1.94,1.06,0.34,0.72
2022-08,2022,China,20.71,33.35,10.96,6.48,4.48
2022-08,2022,EU,29.89,23.81,14.53,4.36,10.17
2022-08,2022,India,3.86,1.94,1.98,0.37,1.62
2022-08,2022,Turkey,8.49,5.06,4.13,0.95,3.18
2022-08,2022,Belarus,6.47,7.08,3.32,1.38,1.94
2022-08,2022,Kazakhstan,4.01,3.92,1.9,0.77,1.13
2022-08,2022,USA,0.31,1.01,0.15,0.19,-0.03
2022-08,2022,UK,0.19,0.3,0.09,0.06,0.04
2022-08,2022,Japan,2.17,2.0,0.98,0.37,0.61
2022-08,2022,South_Korea,1.9,1.99,0.9,0.38,0.52
2022-09,2022,China,18.72,31.24,9.42,6.03,3.38
2022-09,2022,EU,31.78,24.72,15.88,4.85,11.03
2022-09,2022,India,4.04,2.11,1.98,0.41,1.56
2022-09,2022,Turkey,8.98,4.99,4.49,0.92,3.57
2022-09,2022,Belarus,6.75,7.96,3.45,1.58,1.87
2022-09,2022,Kazakhstan,4.07,4.16,1.95,0.82,1.13
2022-09,2022,USA,0.3,1.01,0.15,0.19,-0.04
2022-09,2022,UK,0.19,0.3,0.1,0.06,0.04
2022-09,2022,Japan,2.0,1.93,1.02,0.37,0.65
2022-09,2022,South_Korea,1.96,2.09,1.01,0.38,0.63
2022-10,2022,China,19.05,30.47,9.58,5.33,4.25
2022-10,2022,EU,32.32,25.89,16.09,4.94,11.14
2022-10,2022,India,4.39,2.12,2.15,0.42,1.73
2022-10,2022,Turkey,7.21,5.12,3.41,1.05,2.35
2022-10,2022,Belarus,7.36,7.97,3.52,1.68,1.85
2022-10,2022,Kazakhstan,4.0,4.02,1.93,0.81,1.11
2022-10,2022,USA,0.3,0.93,0.16,0.2,-0.04
2022-10,2022,UK,0.21,0.31,0.11,0.06,0.05
2022-10,2022,Japan,1.89,1.96,0.96,0.39,0.57
2022-10,2022,South_Korea,1.9,2.0,0.95,0.41,0.53
2022-11,2022,China,19.04,28.95,9.67,6.37,3.3
2022-11,2022,EU,32.05,26.23,15.7,5.55,10.15
2022-11,2022,India,3.85,1.98,1.91,0.42,1.49
2022-11,2022,Turkey,7.67,4.63,3.91,0.98,2.93
2022-11,2022,Belarus,7.04,8.37,3.49,1.75,1.74
2022-11,2022,Kazakhstan,3.93,3.95,1.99,0.89,1.1
2022-11,2022,USA,0.31,1.03,0.16,0.19,-0.03
2022-11,2022,UK,0.2,0.31,0.1,0.06,0.04
2022-11,2022,Japan,1.91,1.96,0.92,0.42,0.5
2022-11,2022,South_Korea,2.15,2.19,1.04,0.44,0.6
2022-12,2022,China,18.29,30.37,8.78,6.35,2.43
2022-12,2022,EU,33.4,24.1,17.4,5.43,11.98
2022-12,2022,India,4.06,2.12,1.92,0.44,1.47
2022-12,2022,Turkey,8.08,5.06,4.27,1.04,3.23
2022-12,2022,Belarus,6.81,7.97,3.34,1.63,1.71
2022-12,2022,Kazakhstan,3.9,3.95,2.07,0.81,1.26
2022-12,2022,USA,0.31,1.06,0.15,0.23,-0.08
2022-12,2022,UK,0.21,0.31,0.1,0.06,0.04
2022-12,2022,Japan,2.07,1.96,1.03,0.42,0.61
2022-12,2022,South_Korea,2.09,2.19,1.01,0.47,0.54
2023-01,2023,China,28.7,41.89,14.36,9.11,5.25
2023-01,2023,EU,11.03,17.09,5.35,3.94,1.41
2023-01,2023,India,9.29,2.08,4.52,0.44,4.07
2023-01,2023,Turkey,7.95,5.2,4.05,1.11,2.94
2023-01,2023,Belarus,7.23,7.61,3.52,1.69,1.83
2023-01,2023,Kazakhstan,3.77,3.81,2.0,0.88,1.11
2023-01,2023,USA,0.33,1.02,0.17,0.22,-0.05
2023-01,2023,UK,0.2,0.31,0.1,0.07,0.03
2023-01,2023,Japan,0.96,2.04,0.46,0.44,0.02
2023-01,2023,South_Korea,1.08,1.88,0.59,0.42,0.16
2023-02,2023,China,30.28,39.13,14.34,8.56,5.78
2023-02,2023,EU,11.04,16.72,5.17,3.7,1.47
2023-02,2023,India,8.41,1.87,3.88,0.45,3.44
2023-02,2023,Turkey,8.16,5.15,3.98,1.17,2.8
2023-02,2023,Belarus,7.41,8.16,3.85,1.82,2.02
2023-02,2023,Kazakhstan,4.12,4.14,1.93,0.93,1.0
2023-02,2023,USA,0.27,0.99,0.13,0.22,-0.09
2023-02,2023,UK,0.2,0.31,0.09,0.07,0.02
2023-02,2023,Japan,1.03,1.92,0.51,0.45,0.07
2023-02,2023,South_Korea,1.02,1.9,0.54,0.44,0.1
2023-03,2023,China,29.07,39.41,13.69,8.93,4.76
2023-03,2023,EU,10.34,17.05,4.75,3.81,0.94
2023-03,2023,India,9.17,1.95,4.31,0.46,3.85
2023-03,2023,Turkey,7.64,4.84,3.45,1.06,2.39
2023-03,2023,Belarus,7.05,8.26,3.24,1.92,1.32
2023-03,2023,Kazakhstan,4.02,3.72,1.92,0.88,1.04
2023-03,2023,USA,0.27,1.1,0.13,0.23,-0.11
2023-03,2023,UK,0.2,0.31,0.09,0.07,0.02
2023-03,2023,Japan,1.11,2.02,0.59,0.48,0.11
2023-03,2023,South_Korea,1.0,2.03,0.47,0.46,0.01
2023-04,2023,China,31.87,38.21,13.93,9.25,4.68
2023-04,2023,EU,11.54,15.8,5.37,3.78,1.59
2023-04,2023,India,9.42,1.93,4.53,0.44,4.08
2023-04,2023,Turkey,8.16,4.77,3.13,1.06,2.07
2023-04,2023,Belarus,7.19,7.92,3.41,1.9,1.51
2023-04,2023,Kazakhstan,3.93,3.91,1.66,0.84,0.82
2023-04,2023,USA,0.28,1.03,0.13,0.23,-0.1
2023-04,2023,UK,0.19,0.29,0.09,0.07,0.03
2023-04,2023,Japan,1.05,1.78,0.5,0.4,0.09
2023-04,2023,South_Korea,0.99,2.14,0.45,0.5,-0.05
2023-05,2023,China,29.42,39.07,12.4,9.09,3.31
2023-05,2023,EU,11.21,17.94,4.88,4.1,0.79
2023-05,2023,India,8.71,1.97,3.77,0.42,3.35
2023-05,2023,Turkey,7.58,4.99,3.39,1.19,2.21
2023-05,2023,Belarus,7.29,7.82,3.08,1.85,1.22
2023-05,2023,Kazakhstan,4.0,3.95,1.89,0.94,0.95
2023-05,2023,USA,0.3,1.01,0.14,0.23,-0.09
2023-05,2023,UK,0.19,0.3,0.08,0.07,0.01
2023-05,2023,Japan,1.0,1.99,0.45,0.5,-0.05
2023-05,2023,South_Korea,1.05,1.99,0.47,0.49,-0.02
2023-06,2023,China,30.09,37.12,13.29,8.93,4.36
2023-06,2023,EU,11.27,17.7,4.79,3.95,0.83
2023-06,2023,India,8.74,2.06,3.68,0.45,3.23
2023-06,2023,Turkey,8.06,4.86,3.28,1.15,2.13
2023-06,2023,Belarus,6.86,8.67,3.01,2.1,0.91
2023-06,2023,Kazakhstan,4.0,3.88,1.71,0.96,0.76
2023-06,2023,USA,0.31,0.93,0.13,0.21,-0.08
2023-06,2023,UK,0.21,0.27,0.1,0.07,0.03
2023-06,2023,Japan,1.01,1.95,0.46,0.46,-0.0
2023-06,2023,South_Korea,0.93,1.88,0.38,0.47,-0.09
2023-07,2023,China,33.21,41.12,14.04,9.3,4.74
2023-07,2023,EU,10.42,16.16,4.42,4.09,0.33
2023-07,2023,India,9.62,1.95,3.73,0.45,3.28
2023-07,2023,Turkey,8.48,5.06,3.55,1.19,2.36
2023-07,2023,Belarus,6.74,7.52,3.1,1.93,1.17
2023-07,2023,Kazakhstan,3.84,3.65,1.64,0.87,0.77
2023-07,2023,USA,0.31,1.04,0.13,0.26,-0.14
2023-07,2023,UK,0.2,0.31,0.08,0.08,0.01
2023-07,2023,Japan,0.88,2.07,0.36,0.5,-0.14
2023-07,2023,South_Korea,1.06,1.92,0.43,0.45,-0.02
2023-08,2023,China,30.33,36.95,12.56,9.05,3.51
2023-08,2023,EU,11.25,16.3,4.47,3.95,0.52
2023-08,2023,India,8.89,1.98,3.56,0.49,3.08
2023-08,2023,Turkey,7.62,4.97,3.11,1.21,1.9
2023-08,2023,Belarus,7.41,7.47,2.77,1.78,0.99
2023-08,2023,Kazakhstan,3.77,3.4,1.66,0.85,0.82
2023-08,2023,USA,0.31,0.99,0.13,0.24,-0.11
2023-08,2023,UK,0.21,0.3,0.09,0.07,0.01
2023-08,2023,Japan,1.07,2.02,0.42,0.5,-0.07
2023-08,2023,South_Korea,1.02,1.99,0.42,0.46,-0.04
2023-09,2023,China,31.15,36.63,12.33,8.8,3.53
2023-09,2023,EU,11.54,18.32,4.4,4.52,-0.12
2023-09,2023,India,8.86,2.05,3.56,0.5,3.06
2023-09,2023,Turkey,8.04,4.95,3.42,1.18,2.24
2023-09,2023,Belarus,7.09,8.2,2.88,2.0,0.88
2023-09,2023,Kazakhstan,4.27,3.58,1.63,0.91,0.73
2023-09,2023,USA,0.29,0.95,0.11,0.23,-0.12
2023-09,2023,UK,0.21,0.31,0.08,0.08,0.0
2023-09,2023,Japan,0.93,2.01,0.39,0.51,-0.12
2023-09,2023,South_Korea,1.07,1.94,0.44,0.47,-0.03
2023-10,2023,China,31.92,41.56,11.97,9.62,2.35
2023-10,2023,EU,12.02,17.41,4.64,4.33,0.31
2023-10,2023,India,8.06,2.02,3.05,0.51,2.55
2023-10,2023,Turkey,8.01,4.16,3.16,1.05,2.12
2023-10,2023,Belarus,7.11,7.93,2.76,2.0,0.77
2023-10,2023,Kazakhstan,4.05,4.1,1.59,1.1,0.49
2023-10,2023,USA,0.29,0.98,0.12,0.24,-0.12
2023-10,2023,UK,0.21,0.3,0.08,0.08,0.0
2023-10,2023,Japan,1.03,1.85,0.4,0.44,-0.04
2023-10,2023,South_Korea,1.06,2.18,0.44,0.55,-0.11
2023-11,2023,China,30.28,39.63,10.92,10.98,-0.06
2023-11,2023,EU,11.66,17.26,4.54,4.29,0.25
2023-11,2023,India,8.5,1.78,3.2,0.45,2.75
2023-11,2023,Turkey,8.21,5.0,3.13,1.31,1.82
2023-11,2023,Belarus,6.49,8.35,2.39,2.16,0.23
2023-11,2023,Kazakhstan,4.2,4.21,1.58,1.07,0.51
2023-11,2023,USA,0.31,0.92,0.11,0.23,-0.12
2023-11,2023,UK,0.19,0.3,0.07,0.08,-0.01
2023-11,2023,Japan,1.0,2.11,0.38,0.53,-0.15
2023-11,2023,South_Korea,0.98,2.0,0.37,0.56,-0.19
2023-12,2023,China,28.74,37.19,9.97,9.65,0.32
2023-12,2023,EU,11.13,16.51,4.18,4.3,-0.13
2023-12,2023,India,9.42,2.12,3.12,0.56,2.56
2023-12,2023,Turkey,7.48,5.06,2.7,1.3,1.41
2023-12,2023,Belarus,6.58,8.41,2.26,2.22,0.04
2023-12,2023,Kazakhstan,3.71,4.0,1.44,1.12,0.32
2023-12,2023,USA,0.28,0.96,0.1,0.27,-0.17
2023-12,2023,UK,0.2,0.32,0.07,0.08,-0.0
2023-12,2023,Japan,0.91,1.94,0.36,0.5,-0.14
2023-12,2023,South_Korea,1.05,1.86,0.38,0.49,-0.12
2024-01,2024,China,32.15,39.87,10.86,10.71,0.15
2024-01,2024,EU,6.12,15.51,2.22,4.0,-1.78
2024-01,2024,India,11.55,1.94,4.14,0.46,3.68
2024-01,2024,Turkey,6.74,5.58,2.42,1.49,0.93
2024-01,2024,Belarus,6.71,7.56,2.32,1.96,0.36
2024-01,2024,Kazakhstan,4.38,4.2,1.54,1.1,0.45
2024-01,2024,USA,0.31,0.93,0.1,0.25,-0.15
2024-01,2024,UK,0.2,0.28,0.06,0.08,-0.01
2024-01,2024,Japan,0.97,2.04,0.34,0.53,-0.19
2024-01,2024,South_Korea,0.97,1.99,0.35,0.51,-0.16
2024-02,2024,China,33.43,41.22,12.08,10.16,1.92
2024-02,2024,EU,5.99,14.61,2.11,3.99,-1.88
2024-02,2024,India,11.2,2.22,3.97,0.57,3.4
2024-02,2024,Turkey,6.99,5.04,2.49,1.25,1.24
2024-02,2024,Belarus,6.92,7.71,2.53,1.84,0.7
2024-02,2024,Kazakhstan,4.03,3.7,1.44,0.94,0.5
2024-02,2024,USA,0.27,1.05,0.09,0.27,-0.18
2024-02,2024,UK,0.21,0.32,0.07,0.08,-0.01
2024-02,2024,Japan,1.05,2.12,0.39,0.6,-0.21
2024-02,2024,South_Korea,0.97,2.04,0.34,0.48,-0.15
2024-03,2024,China,33.85,36.01,11.71,8.7,3.01
2024-03,2024,EU,6.13,14.42,2.01,3.83,-1.82
2024-03,2024,India,10.67,1.96,3.62,0.53,3.1
2024-03,2024,Turkey,7.09,4.85,2.31,1.37,0.95
2024-03,2024,Belarus,7.69,8.58,2.64,2.16,0.48
2024-03,2024,Kazakhstan,4.08,3.82,1.38,1.04,0.35
2024-03,2024,USA,0.3,0.94,0.11,0.24,-0.13
2024-03,2024,UK,0.18,0.28,0.06,0.07,-0.01
2024-03,2024,Japan,1.01,2.12,0.35,0.53,-0.18
2024-03,2024,South_Korea,1.06,2.1,0.37,0.54,-0.17
2024-04,2024,China,33.19,37.68,12.82,9.4,3.42
2024-04,2024,EU,6.09,13.86,2.23,3.36,-1.14
2024-04,2024,India,11.92,2.18,4.33,0.56,3.77
2024-04,2024,Turkey,6.93,4.99,2.5,1.28,1.23
2024-04,2024,Belarus,7.34,7.63,2.77,1.91,0.85
2024-04,2024,Kazakhstan,3.85,4.07,1.39,0.97,0.42
2024-04,2024,USA,0.29,0.89,0.1,0.22,-0.12
2024-04,2024,UK,0.2,0.29,0.07,0.08,-0.01
2024-04,2024,Japan,1.1,1.91,0.41,0.49,-0.09
2024-04,2024,South_Korea,0.91,1.92,0.28,0.5,-0.21
2024-05,2024,China,32.17,40.27,12.66,10.85,1.81
2024-05,2024,EU,5.77,14.24,2.16,3.46,-1.3
2024-05,2024,India,11.55,2.27,4.23,0.6,3.63
2024-05,2024,Turkey,7.37,4.86,2.66,1.18,1.48
2024-05,2024,Belarus,7.45,7.57,2.73,2.0,0.73
2024-05,2024,Kazakhstan,3.9,3.86,1.38,0.94,0.44
2024-05,2024,USA,0.3,0.95,0.1,0.25,-0.14
2024-05,2024,UK,0.21,0.3,0.07,0.08,-0.01
2024-05,2024,Japan,0.98,2.21,0.35,0.56,-0.22
2024-05,2024,South_Korea,0.98,2.02,0.4,0.51,-0.11
2024-06,2024,China,36.17,40.18,13.57,9.33,4.24
2024-06,2024,EU,6.58,15.26,2.33,3.98,-1.64
2024-06,2024,India,11.08,1.89,3.59,0.51,3.08
2024-06,2024,Turkey,6.92,4.85,2.43,1.29,1.14
2024-06,2024,Belarus,6.83,8.26,2.41,1.97,0.44
2024-06,2024,Kazakhstan,4.18,4.22,1.46,1.06,0.4
2024-06,2024,USA,0.3,1.02,0.12,0.25,-0.14
2024-06,2024,UK,0.2,0.3,0.07,0.07,-0.0
2024-06,2024,Japan,1.01,2.05,0.36,0.52,-0.15
2024-06,2024,South_Korea,0.96,2.03,0.34,0.52,-0.17
2024-07,2024,China,34.55,40.79,13.09,10.43,2.66
2024-07,2024,EU,6.14,13.69,2.3,3.38,-1.08
2024-07,2024,India,11.04,1.87,4.31,0.42,3.89
2024-07,2024,Turkey,7.52,5.11,2.5,1.38,1.12
2024-07,2024,Belarus,7.18,7.06,2.54,1.8,0.74
2024-07,2024,Kazakhstan,4.34,3.92,1.4,1.04,0.36
2024-07,2024,USA,0.31,0.89,0.11,0.23,-0.11
2024-07,2024,UK,0.2,0.29,0.07,0.07,-0.0
2024-07,2024,Japan,1.02,2.08,0.33,0.53,-0.19
2024-07,2024,South_Korea,1.02,2.02,0.36,0.53,-0.17
2024-08,2024,China,36.29,39.27,12.96,10.12,2.84
2024-08,2024,EU,6.38,14.39,2.19,3.64,-1.44
2024-08,2024,India,10.38,1.81,3.6,0.46,3.14
2024-08,2024,Turkey,7.54,4.82,2.69,1.21,1.48
2024-08,2024,Belarus,6.77,7.71,2.46,1.83,0.62
2024-08,2024,Kazakhstan,3.85,3.96,1.4,0.93,0.47
2024-08,2024,USA,0.3,0.94,0.1,0.24,-0.14
2024-08,2024,UK,0.2,0.33,0.07,0.08,-0.01
2024-08,2024,Japan,1.04,2.0,0.35,0.5,-0.14
2024-08,2024,South_Korea,0.97,1.94,0.35,0.46,-0.11
2024-09,2024,China,32.51,37.98,11.48,9.2,2.27
2024-09,2024,EU,5.79,15.1,2.03,3.78,-1.75
2024-09,2024,India,10.39,1.92,4.01,0.47,3.54
2024-09,2024,Turkey,6.26,5.09,2.17,1.28,0.89
2024-09,2024,Belarus,6.97,8.22,2.47,2.04,0.44
2024-09,2024,Kazakhstan,4.23,3.56,1.43,0.86,0.57
2024-09,2024,USA,0.27,0.98,0.1,0.25,-0.16
2024-09,2024,UK,0.2,0.3,0.07,0.07,-0.0
2024-09,2024,Japan,1.04,2.12,0.35,0.56,-0.21
2024-09,2024,South_Korea,0.97,1.92,0.35,0.49,-0.14
2024-10,2024,China,33.88,39.31,12.59,9.58,3.01
2024-10,2024,EU,5.98,16.27,2.01,3.99,-1.98
2024-10,2024,India,11.56,2.05,4.25,0.49,3.77
2024-10,2024,Turkey,7.11,4.93,2.75,1.27,1.48
2024-10,2024,Belarus,6.99,8.11,2.49,2.09,0.4
2024-10,2024,Kazakhstan,3.83,4.27,1.29,1.08,0.21
2024-10,2024,USA,0.29,1.0,0.11,0.23,-0.13
2024-10,2024,UK,0.2,0.28,0.07,0.07,0.0
2024-10,2024,Japan,1.01,1.96,0.37,0.51,-0.14
2024-10,2024,South_Korea,1.0,2.09,0.37,0.5,-0.13
2024-11,2024,China,36.44,39.93,12.37,10.1,2.27
2024-11,2024,EU,5.98,13.94,2.02,3.71,-1.7
2024-11,2024,India,11.15,2.15,3.87,0.52,3.35
2024-11,2024,Turkey,6.41,5.24,2.3,1.29,1.01
2024-11,2024,Belarus,6.72,8.45,2.36,2.1,0.26
2024-11,2024,Kazakhstan,3.88,3.92,1.4,0.92,0.48
2024-11,2024,USA,0.3,1.05,0.11,0.27,-0.17
2024-11,2024,UK,0.21,0.31,0.07,0.08,-0.0
2024-11,2024,Japan,1.02,1.95,0.35,0.48,-0.13
2024-11,2024,South_Korea,1.13,1.97,0.42,0.48,-0.06
2024-12,2024,China,36.89,39.24,13.0,9.09,3.91
2024-12,2024,EU,6.33,16.0,2.12,4.19,-2.07
2024-12,2024,India,10.26,2.06,3.57,0.54,3.02
2024-12,2024,Turkey,7.09,5.23,2.62,1.29,1.32
2024-12,2024,Belarus,6.99,7.56,2.43,2.03,0.39
2024-12,2024,Kazakhstan,4.15,3.79,1.55,0.96,0.59
2024-12,2024,USA,0.31,1.02,0.11,0.24,-0.12
2024-12,2024,UK,0.21,0.27,0.08,0.07,0.01
2024-12,2024,Japan,1.04,2.02,0.38,0.5,-0.12
2024-12,2024,South_Korea,1.01,2.04,0.38,0.52,-0.14
2025-01,2025,China,31.76,38.87,11.38,10.21,1.17
2025-01,2025,EU,5.78,16.68,2.04,4.24,-2.2
2025-01,2025,India,10.31,2.11,3.54,0.51,3.03
2025-01,2025,Turkey,6.89,5.35,2.46,1.29,1.17
2025-01,2025,Belarus,6.81,8.56,2.36,2.19,0.17
2025-01,2025,Kazakhstan,4.16,3.32,1.53,0.8,0.73
2025-01,2025,USA,0.29,1.08,0.11,0.27,-0.17
2025-01,2025,UK,0.21,0.31,0.08,0.08,-0.01
2025-01,2025,Japan,1.01,1.93,0.35,0.48,-0.14
2025-01,2025,South_Korea,1.0,1.9,0.36,0.44,-0.09
2025-02,2025,China,34.15,40.3,11.95,10.38,1.56
2025-02,2025,EU,6.22,16.67,2.12,4.2,-2.08
2025-02,2025,India,11.12,2.02,3.68,0.48,3.2
2025-02,2025,Turkey,7.0,4.61,2.41,1.12,1.29
2025-02,2025,Belarus,6.9,8.45,2.3,2.18,0.12
2025-02,2025,Kazakhstan,3.89,3.91,1.38,0.96,0.41
2025-02,2025,USA,0.29,0.98,0.09,0.25,-0.16
2025-02,2025,UK,0.17,0.31,0.06,0.08,-0.02
2025-02,2025,Japan,1.11,2.09,0.38,0.57,-0.19
2025-02,2025,South_Korea,0.94,1.81,0.35,0.46,-0.11
2025-03,2025,China,30.81,37.29,10.92,8.94,1.98
2025-03,2025,EU,5.78,16.47,2.18,4.12,-1.94
2025-03,2025,India,10.92,2.09,3.7,0.47,3.23
2025-03,2025,Turkey,6.03,4.98,2.17,1.24,0.93
2025-03,2025,Belarus,7.28,8.36,2.67,2.09,0.57
2025-03,2025,Kazakhstan,4.06,3.99,1.39,0.93,0.46
2025-03,2025,USA,0.32,0.98,0.11,0.24,-0.13
2025-03,2025,UK,0.19,0.3,0.07,0.07,-0.01
2025-03,2025,Japan,1.05,1.96,0.34,0.51,-0.17
2025-03,2025,South_Korea,1.01,2.09,0.36,0.5,-0.14
2025-04,2025,China,33.11,42.07,12.26,10.44,1.82
2025-04,2025,EU,5.81,16.26,1.95,4.08,-2.12
2025-04,2025,India,10.76,2.03,3.57,0.49,3.08
2025-04,2025,Turkey,6.78,5.17,2.35,1.32,1.03
2025-04,2025,Belarus,6.71,7.92,2.37,2.03,0.35
2025-04,2025,Kazakhstan,3.71,4.06,1.24,1.04,0.2
2025-04,2025,USA,0.33,0.87,0.11,0.22,-0.11
2025-04,2025,UK,0.2,0.31,0.07,0.08,-0.01
2025-04,2025,Japan,0.95,1.88,0.32,0.46,-0.14
2025-04,2025,South_Korea,1.02,1.98,0.34,0.47,-0.13
2025-05,2025,China,32.81,38.87,10.93,9.85,1.08
2025-05,2025,EU,6.41,14.12,2.3,3.58,-1.28
2025-05,2025,India,11.1,2.15,3.79,0.54,3.25
2025-05,2025,Turkey,7.04,5.01,2.46,1.24,1.22
2025-05,2025,Belarus,7.16,7.73,2.4,1.86,0.54
2025-05,2025,Kazakhstan,3.93,4.2,1.32,1.06,0.26
2025-05,2025,USA,0.3,0.98,0.11,0.25,-0.14
2025-05,2025,UK,0.2,0.3,0.07,0.07,-0.0
2025-05,2025,Japan,0.96,2.05,0.31,0.49,-0.18
2025-05,2025,South_Korea,0.98,2.29,0.35,0.59,-0.24
2025-06,2025,China,32.63,40.72,10.36,9.88,0.49
2025-06,2025,EU,6.15,13.94,2.13,3.49,-1.36
2025-06,2025,India,10.67,1.92,3.54,0.46,3.08
2025-06,2025,Turkey,6.89,5.13,2.3,1.34,0.96
2025-06,2025,Belarus,7.56,8.09,2.55,1.95,0.6
2025-06,2025,Kazakhstan,4.06,4.1,1.38,0.99,0.39
2025-06,2025,USA,0.31,1.0,0.1,0.25,-0.15
2025-06,2025,UK,0.19,0.29,0.07,0.07,-0.0
2025-06,2025,Japan,0.96,2.1,0.32,0.56,-0.23
2025-06,2025,South_Korea,1.03,1.92,0.37,0.46,-0.09
2025-07,2025,China,37.35,40.45,12.98,9.92,3.05
2025-07,2025,EU,6.08,14.83,1.99,3.68,-1.69
2025-07,2025,India,11.56,1.88,4.17,0.47,3.7
2025-07,2025,Turkey,6.85,4.89,2.5,1.24,1.26
2025-07,2025,Belarus,7.4,7.9,2.57,1.96,0.61
2025-07,2025,Kazakhstan,3.97,4.02,1.41,1.05,0.36
2025-07,2025,USA,0.3,0.93,0.11,0.24,-0.14
2025-07,2025,UK,0.2,0.33,0.07,0.08,-0.01
2025-07,2025,Japan,0.93,1.87,0.32,0.45,-0.13
2025-07,2025,South_Korea,0.97,1.99,0.34,0.48,-0.14
2025-08,2025,China,32.78,39.04,11.5,9.5,2.0
2025-08,2025,EU,6.08,16.16,2.29,4.05,-1.76
2025-08,2025,India,11.3,1.88,3.88,0.46,3.42
2025-08,2025,Turkey,7.31,4.9,2.49,1.23,1.27
2025-08,2025,Belarus,7.66,8.63,2.72,2.17,0.56
2025-08,2025,Kazakhstan,3.91,4.15,1.28,1.0,0.28
2025-08,2025,USA,0.33,1.03,0.11,0.25,-0.14
2025-08,2025,UK,0.2,0.27,0.06,0.07,-0.0
2025-08,2025,Japan,0.95,1.99,0.31,0.47,-0.16
2025-08,2025,South_Korea,1.0,2.09,0.35,0.5,-0.14
2025-09,2025,China,34.52,37.15,11.65,9.38,2.26
2025-09,2025,EU,5.98,15.99,2.08,3.93,-1.85
2025-09,2025,India,10.86,1.95,3.44,0.45,2.99
2025-09,2025,Turkey,7.35,5.38,2.37,1.31,1.05
2025-09,2025,Belarus,6.45,7.61,2.19,1.81,0.38
2025-09,2025,Kazakhstan,3.62,4.34,1.22,1.01,0.2
2025-09,2025,USA,0.3,1.0,0.1,0.24,-0.14
2025-09,2025,UK,0.2,0.31,0.06,0.07,-0.01
2025-09,2025,Japan,1.04,1.94,0.35,0.46,-0.11
2025-09,2025,South_Korea,0.98,1.95,0.31,0.48,-0.17
2025-10,2025,China,35.81,39.65,12.45,9.43,3.02
2025-10,2025,EU,5.83,15.31,1.99,3.7,-1.71
2025-10,2025,India,11.37,1.87,3.76,0.47,3.29
2025-10,2025,Turkey,7.34,5.21,2.56,1.24,1.31
2025-10,2025,Belarus,6.4,7.9,2.2,1.98,0.22
2025-10,2025,Kazakhstan,3.89,3.81,1.26,0.9,0.36
2025-10,2025,USA,0.27,0.97,0.09,0.24,-0.14
2025-10,2025,UK,0.2,0.29,0.06,0.07,-0.0
2025-10,2025,Japan,1.04,2.0,0.39,0.48,-0.09
2025-10,2025,South_Korea,1.02,1.97,0.34,0.51,-0.17
2025-11,2025,China,35.7,36.49,11.41,8.77,2.64
2025-11,2025,EU,5.84,13.87,1.96,3.1,-1.14
2025-11,2025,India,11.07,2.07,3.82,0.5,3.32
2025-11,2025,Turkey,7.53,5.08,2.59,1.19,1.4
2025-11,2025,Belarus,7.53,8.0,2.67,2.04,0.63
2025-11,2025,Kazakhstan,4.05,4.08,1.34,0.95,0.39
2025-11,2025,USA,0.31,1.03,0.1,0.25,-0.15
2025-11,2025,UK,0.21,0.32,0.07,0.07,-0.0
2025-11,2025,Japan,0.95,1.97,0.33,0.46,-0.13
2025-11,2025,South_Korea,1.05,1.94,0.36,0.45,-0.09
2025-12,2025,China,33.67,37.74,11.81,8.84,2.98
2025-12,2025,EU,5.54,13.78,1.83,3.26,-1.43
2025-12,2025,India,11.36,1.98,3.94,0.47,3.47
2025-12,2025,Turkey,7.36,4.76,2.29,1.11,1.18
2025-12,2025,Belarus,6.6,7.5,2.23,1.79,0.44
2025-12,2025,Kazakhstan,4.03,4.11,1.25,1.01,0.23
2025-12,2025,USA,0.28,0.97,0.09,0.24,-0.15
2025-12,2025,UK,0.18,0.28,0.06,0.07,-0.01
2025-12,2025,Japan,0.99,2.08,0.33,0.52,-0.19
2025-12,2025,South_Korea,1.02,1.91,0.33,0.49,-0.16
2026-01,2026,China,36.09,41.65,12.36,10.18,2.18
2026-01,2026,EU,6.1,15.04,2.15,3.54,-1.39
2026-01,2026,India,11.13,1.83,3.46,0.47,2.99
2026-01,2026,Turkey,7.22,4.95,2.39,1.12,1.27
2026-01,2026,Belarus,6.85,7.42,2.23,1.83,0.41
2026-01,2026,Kazakhstan,4.09,4.32,1.37,0.93,0.43
2026-01,2026,USA,0.33,0.96,0.11,0.23,-0.12
2026-01,2026,UK,0.2,0.3,0.07,0.07,-0.0
2026-01,2026,Japan,1.13,2.07,0.37,0.53,-0.16
2026-01,2026,South_Korea,0.95,2.09,0.31,0.51,-0.2
2026-02,2026,China,34.72,35.33,10.71,8.92,1.8
2026-02,2026,EU,5.92,16.5,2.04,3.88,-1.84
2026-02,2026,India,10.83,2.16,3.84,0.51,3.34
2026-02,2026,Turkey,7.54,5.26,2.59,1.25,1.33
2026-02,2026,Belarus,6.76,7.58,2.1,1.94,0.16
2026-02,2026,Kazakhstan,4.0,3.77,1.36,0.88,0.48
2026-02,2026,USA,0.29,1.1,0.09,0.26,-0.17
2026-02,2026,UK,0.19,0.29,0.06,0.07,-0.01
2026-02,2026,Japan,0.96,2.06,0.31,0.48,-0.17
2026-02,2026,South_Korea,0.96,2.14,0.32,0.49,-0.17
2026-03,2026,China,31.69,36.22,10.77,8.82,1.95
2026-03,2026,EU,6.31,14.91,2.12,3.65,-1.53
2026-03,2026,India,10.96,1.96,3.42,0.47,2.95
2026-03,2026,Turkey,7.2,4.9,2.31,1.14,1.17
2026-03,2026,Belarus,7.28,7.45,2.26,1.67,0.59
2026-03,2026,Kazakhstan,3.97,4.06,1.24,0.99,0.25
2026-03,2026,USA,0.32,1.02,0.11,0.23,-0.12
2026-03,2026,UK,0.19,0.31,0.06,0.07,-0.01
2026-03,2026,Japan,1.07,2.03,0.36,0.46,-0.11
2026-03,2026,South_Korea,1.08,1.98,0.37,0.46,-0.09
2026-04,2026,China,34.29,41.12,11.94,9.39,2.55
2026-04,2026,EU,6.06,15.44,1.84,3.28,-1.43
2026-04,2026,India,10.45,2.1,3.6,0.47,3.13
2026-04,2026,Turkey,6.57,5.38,2.07,1.23,0.84
2026-04,2026,Belarus,7.51,8.52,2.51,1.84,0.67
2026-04,2026,Kazakhstan,3.75,4.22,1.22,0.95,0.27
2026-04,2026,USA,0.29,1.06,0.1,0.25,-0.14
2026-04,2026,UK,0.19,0.3,0.07,0.07,-0.01
2026-04,2026,Japan,1.01,1.95,0.34,0.48,-0.14
2026-04,2026,South_Korea,0.93,1.98,0.31,0.46,-0.15
